"","2002","2003","2004","2005","2006","2007","2008","2009","2010","2011","2012","2013","2014","2015","2016","2017","2018","2019","2020"
"1111A0",14257,17636,18651,17533,17845,24543,27745,34282,33443,34386,42373,48874,40796,34269,41835,39020,36984,33219,38962
"1111B0",27647,31263,38630,30770,37554,51849,69439,57993,58299,79252,84053,85412,72393,61779,58134,56732,59500,58661,61124
"111200",15586,16854,17409,16594,17019,18744,16594,16343,15168,16994,14376,20964,17767,19369,18039,18954,16709,16502,19008
"111300",12723,13951,16460,17300,17170,18979,18964,18771,20592,24385,26489,31868,31855,28273,29070,29984,28313,27442,32913
"111400",15718,16343,17254,17487,17975,18600,21120,20473,20688,21268,22026,22027,21338,22063,22663,22524,23313,24039,24955
"111900",14690,17346,19461,17715,18069,21180,23076,20069,23075,26642,27643,28810,26168,22727,23015,24802,24909,24207,26163
"112120",21055,21850,28100,27381,24143,36200,35599,25141,32170,40433,38013,41346,50406,36799,35417,38953,36129,41432,41543
"1121A0",41575,48524,54685,56216,56012,57358,55662,50399,58114,71891,78171,79803,93735,91650,80515,88115,90262,94086,90350
"112300",21351,23987,30226,29725,27297,33519,36090,32044,34982,35653,38743,44538,49589,50361,40117,43825,47069,40949,36456
"112A00",17764,20119,22301,22832,23159,23821,23570,22167,24389,29413,32280,33292,37620,35617,30872,32472,31916,31752,30603
"113000",21010,21274,23793,24441,24647,19126,17032,15160,18100,19057,15881,18126,22068,21437,21520,23210,23221,20779,21672
"114000",5712,6705,7292,6823,6754,6951,7858,7848,8891,10048,8492,9165,9123,8667,9782,10927,10374,10427,9804
"115000",12787,13447,14293,15373,16391,18482,19897,18294,18666,20071,22530,22021,24559,23422,21273,22424,22506,22160,22156
"211000",116721,165982,191027,249252,257413,276911,388364,227565,304701,372942,362652,426372,476039,268953,230486,302509,408586,372817,256019
"212100",23627,24275,27931,34533,39710,42771,50876,48547,50619,60115,54437,49275,47239,40135,31613,35518,37341,35757,27012
"212230",2952,3266,5004,6738,11913,12977,13043,9781,12499,14538,14009,13309,13906,11643,10821,12001,12341,11915,11380
"2122A0",6130,6927,9534,13583,14163,14519,16513,14670,19087,22546,22382,18026,16608,14089,14381,15089,15726,15904,17453
"212310",10829,11220,12489,15819,20336,19242,18818,16205,15745,16135,16251,16130,17485,19415,20802,21365,22306,23840,23681
"2123A0",10904,11707,12353,13602,14702,14989,16912,15730,14743,17544,17586,17813,22072,20908,18513,20912,23010,22791,20609
"213111",8364,10636,19335,28953,37897,40354,45242,26376,28573,26914,32686,30261,39715,32318,17375,25130,28074,27312,12928
"21311A",16466,18898,22393,32007,49024,54561,64791,46016,54123,71051,93482,92249,112924,88512,44419,66482,72033,75148,43222
"221100",236295,232929,233966,276722,289588,317218,367618,324371,379305,375412,366948,383998,414531,413205,397564,407869,442815,443418,413494
"221200",81183,102087,109228,130376,122421,123866,146061,100364,102927,96581,81645,94382,108943,86048,86354,91410,102173,103689,101464
"221300",7673,8137,8557,9086,9944,10509,11217,11716,12254,12897,12892,13284,14168,14508,14720,15128,15660,16070,16457
"230301",99770,102820,112963,124821,136006,142908,154197,149629,156769,166822,174828,181857,189416,191101,194377,200603,209244,217690,218365
"230302",32175,37612,46705,55784,63016,67347,63448,61936,62400,64250,68096,70888,73640,76959,80197,80327,80556,79653,85446
"233210",28426,31035,33232,35787,40790,45283,48384,47457,41961,40939,43893,40655,39057,40117,42530,44201,45011,49217,51948
"233230",17880,20174,21591,26527,30075,34346,51216,40668,31435,37018,37260,47435,50806,69028,67072,61233,62962,73865,67456
"233240",53886,50047,47704,51526,54362,76708,88301,91148,80105,76508,93986,91099,105070,111108,111551,111096,107225,118493,118926
"233262",65482,67712,68528,71530,76894,83842,89165,90930,86021,85161,68219,82041,83007,88209,87687,94987,101946,108096,109887
"2332A0",96391,91766,100692,108649,122257,140848,142658,93416,66470,68031,73715,77798,97038,112928,148903,158887,168282,183302,186583
"2332C0",79969,81325,84389,88763,97045,105318,110486,111795,109754,107648,114097,103630,105743,113347,127896,135440,140094,141502,142904
"2332D0",80561,81846,85820,88565,101426,119474,135046,118827,96153,89533,85743,88141,95478,105415,107153,111766,114895,124217,120826
"233411",244366,289557,352991,407402,386643,279815,166082,94700,104657,99918,122107,158571,181756,209093,231331,254765,275933,266064,294223
"233412",34467,35735,39184,48317,52983,51564,48326,32787,19860,19872,26126,35340,44832,55962,63846,63818,67289,74854,80118
"2334A0",136326,149850,164261,179473,192124,191681,178467,165667,161067,164785,166508,178247,192929,212844,232609,250217,267318,280757,306907
"311111",9994,10359,11366,12417,12976,14136,16705,18550,18493,18558,20086,21736,22521,22672,23661,23567,24557,24033,24636
"311119",16456,22541,19271,19244,19790,23375,29826,28767,27261,32476,35397,36562,34885,34308,32578,32275,33284,33020,34252
"311210",8907,9662,10343,10408,10781,13360,17117,17153,16417,19777,20214,21119,21525,19645,17438,16396,17460,18073,18313
"311221",8252,9039,9927,10563,10723,11775,14179,13905,12264,11688,12878,13824,11695,10510,9972,9893,8877,8896,10404
"311224",13606,17145,18466,18459,17924,21200,32312,28704,28760,34652,40403,38750,36301,35390,35839,33008,32235,29694,30879
"311225",7171,7534,10195,9776,9297,13065,17832,13200,12388,14750,16524,15446,14336,12012,10705,10691,10424,10418,10534
"311230",8881,9907,10476,10679,9707,9886,10790,11263,10494,10474,10908,11095,9913,9839,9568,9739,10030,9907,10088
"311300",25201,26025,26378,28514,28406,27036,26348,27934,30985,31597,32987,33126,32449,34461,36604,36163,37008,38864,39753
"311410",21928,21931,21919,23324,24777,25047,27144,27922,29638,28076,30339,31206,32072,32490,32286,32269,33219,32990,34689
"311420",31740,30159,30175,30302,30564,34925,35871,35247,32507,31799,33144,34662,34117,35271,34131,33284,33270,34802,34957
"311513",21377,21880,24707,25837,24165,31870,34492,28295,36649,42044,40864,43558,49810,44820,44959,47498,47574,51920,52334
"311514",9327,9232,9528,9461,9563,13474,16038,14361,17517,21667,25771,26138,28333,24842,23357,23819,21862,21040,23848
"31151A",24860,26022,28052,29251,28812,33739,34955,32006,35572,38648,37785,38980,42021,42935,43704,44348,45444,46672,47410
"311520",8058,7117,7643,8609,8425,8598,7536,7434,7112,6868,6826,7189,7687,7409,8229,7548,8190,8012,8112
"311615",37047,38372,42917,47035,45096,49181,52088,51934,51370,53291,57902,62301,63503,63516,64088,67042,64806,65534,61219
"31161A",82168,91583,94930,98983,100583,107398,115346,109990,122516,139311,140710,142981,156181,151763,144523,146922,151054,155694,145483
"311700",8440,8440,8923,9725,10467,10296,9708,10343,10114,10571,10712,11218,12307,13437,12925,13876,13714,14070,13218
"311810",30130,28143,30798,32644,32773,33113,34870,34941,34527,36111,36998,39257,40106,41588,43341,41743,42340,42910,44192
"3118A0",17733,19258,19451,18966,18943,20692,22490,23090,23992,25148,27169,27067,28309,28299,28088,26814,26320,27548,28539
"311910",17178,18700,18729,20532,21841,23778,25431,25555,26626,28659,30859,31891,34711,35923,37211,38174,38990,39429,40332
"311920",5477,5736,5754,6183,6921,7738,8649,9177,10478,12644,13043,11871,13456,13989,13927,13770,12579,11871,12194
"311930",8208,8662,8245,8013,8371,9125,9228,9130,8970,9605,8777,8828,10295,10059,10554,11663,11081,11750,12253
"311940",11066,11772,12586,13110,13686,14057,15082,15969,16601,17279,18941,19647,19250,18967,19584,21133,22285,23691,24311
"311990",14701,16693,19659,20010,21342,18772,20139,20555,20321,20800,21977,23582,24788,26996,28086,29412,29303,30535,31995
"312110",33292,35111,38711,42316,41130,44818,44687,42253,41779,42204,45883,45865,47077,47738,44454,42342,42155,43328,43269
"312120",20956,23472,23269,23702,24484,24124,22745,27189,28803,29841,31270,34714,33690,33801,34060,32289,33453,32547,31650
"312130",9747,9510,9840,10932,12064,13183,13768,15872,15194,16072,16557,16674,19265,20987,22613,21528,21373,21514,19784
"312140",6718,7597,7812,8526,8974,10207,10608,11183,10654,11908,14521,14973,16074,17027,17382,17799,18600,20151,19559
"312200",50077,48151,49930,53529,55012,52584,52647,60676,62318,59456,56482,55746,52103,55529,61991,60556,59798,58093,56325
"313100",10677,10150,10681,10621,9693,9316,8317,6079,6896,7535,7723,8031,8063,7797,7227,7192,6964,6565,6054
"313200",22331,21258,19676,19381,18283,17269,15653,13491,15040,15671,14795,15279,15006,13469,13249,13109,12998,12953,12219
"313300",12296,11199,10577,11218,9748,9215,7544,6189,7642,7899,7413,8070,8069,7913,7655,7284,7885,7851,7403
"314110",14053,14177,15072,17028,16234,14782,11686,8930,7796,8988,9049,9384,9848,9793,9943,9721,9111,8618,7864
"314120",6563,6235,7378,7495,6348,3918,3585,2991,3181,3460,3620,3593,4320,4427,4230,3581,3609,3676,3275
"314900",9459,9300,10334,11296,11385,9902,9732,8609,9272,9321,9110,9657,10525,10138,9984,9269,9994,10659,10703
"315000",43740,37787,32083,32479,30043,21266,17490,14636,15443,15796,12225,12167,11866,11564,11213,10498,10199,10787,11527
"316000",7127,7115,7105,7786,9151,8582,9202,9756,7828,9104,7000,7385,7189,7061,7764,7396,7229,6418,6238
"321100",26853,27479,31274,33671,33152,27944,24544,19172,22123,22161,23465,26899,28582,29072,30573,32283,34820,30143,30919
"321200",20112,21507,24714,26474,25612,21698,18192,12737,14089,14130,17236,20201,20675,20986,22124,24417,25191,22970,23731
"321910",22515,23742,26950,28380,29920,27953,23471,17075,18017,17851,20610,22947,25345,25586,25378,26177,27711,26995,27746
"3219A0",20692,19941,23164,26309,25878,25707,22904,16928,17677,18851,19462,20531,22997,25370,26609,28241,31377,30430,30623
"322110",3535,3774,4022,4020,4260,5077,5412,4537,4882,5837,5999,6209,6379,6202,5778,6152,6193,6249,6239
"322120",45609,44316,46194,50299,51819,50142,52964,47113,47556,48399,46935,47559,46498,44437,40204,39923,39023,39872,39397
"322130",21302,20256,21167,20952,23478,25371,25222,23096,27234,28267,28352,29385,30022,29952,29406,31473,33311,30892,30680
"322210",42739,42364,43633,45000,47274,49513,50445,46431,49211,51483,52774,56778,59084,59159,60076,63478,66031,65196,64965
"322220",17956,17800,18165,19386,19678,21262,21145,18513,20189,20158,21060,20507,20433,20873,20471,20371,22069,21545,22354
"322230",7581,7275,7304,7621,8094,7832,7578,6557,6149,6386,6776,6716,6343,6152,5580,5426,5559,5712,5783
"322291",9434,8744,7971,8050,8206,10278,10350,10287,9938,10816,12023,11476,11378,11383,11183,10995,11093,12756,13249
"322299",4310,4207,4515,4740,4734,4749,4255,4000,4247,4237,5054,5185,4479,4732,4318,4650,4741,5040,5533
"323110",93968,90105,90959,93551,95471,97936,93729,79574,79425,79831,79205,79262,78437,78433,81982,80621,81250,79159,75360
"323120",5753,5338,5329,5410,5276,5578,5436,4471,4372,4412,3890,4068,3967,3763,3702,3475,3438,3209,3011
"324110",192545,222580,299551,431336,501271,571530,696818,448274,569435,772543,784611,787330,722494,457760,390657,494509,620885,535296,340233
"324121",7549,7934,8158,8628,11990,12184,12653,11427,12516,12153,13281,12743,13055,13419,12460,13197,14076,14451,14268
"324122",5935,6604,7711,9023,9171,8371,8961,9038,9440,10247,10634,10374,9397,9115,9717,10665,10638,10749,10607
"324190",8210,8856,9540,13102,14444,14328,15137,13630,16332,22005,24964,23309,22151,20551,20131,20010,19371,22736,20618
"325110",19590,25189,41253,52979,64621,76490,76937,50794,75548,84423,81124,80539,71645,49895,50970,53477,57995,47266,44046
"325120",6090,6842,7234,7774,8550,9298,10113,7311,7018,6780,6959,7496,7477,7020,9120,9273,8460,9339,8284
"325130",6454,6409,6413,6826,7080,8121,7782,6158,7259,7737,9225,9066,7512,6964,6480,6975,6224,5716,5304
"325180",20010,20113,21205,24080,25766,30102,30302,26450,32961,34735,34712,32580,31564,31879,30998,32780,36483,34138,31169
"325190",56402,60858,69340,76318,86093,98733,109488,77778,102793,131767,140383,143617,138059,117887,109716,114187,120650,109795,101668
"325211",47074,50728,59811,73595,75877,84620,82370,61871,80475,84406,91263,95225,97187,85442,83326,88281,94753,81704,76138
"3252A0",13391,14072,14110,15406,15615,15945,15654,11635,15581,17899,18121,17719,16330,14641,14420,15077,15004,14250,13402
"325310",10156,11153,12679,13584,13689,17604,23583,19750,20367,23489,26245,28000,25680,19911,17368,16413,17564,17597,17497
"325320",9035,9825,11184,13734,13691,11137,12253,11305,10532,11190,15036,17888,15901,15062,15284,15111,14915,14437,13168
"325411",13535,12241,12027,11224,11293,13948,12210,12902,13285,14631,14745,15609,14330,14749,15373,14065,15242,16547,17717
"325412",124842,131711,137745,147399,158634,163827,163106,153317,154407,162139,149350,176470,195893,208145,213743,206850,211123,212950,233400
"325413",8668,9585,10636,11029,12046,13032,12466,11374,14240,14000,14720,16007,15233,15995,15263,16542,15952,16914,18221
"325414",9528,10793,12369,14296,19368,24120,24106,26666,25952,24687,28610,28620,26867,30712,31574,33071,31990,36374,38315
"325510",19959,19852,21667,23174,23695,23242,21958,19121,21163,22280,23972,25700,27188,27773,27997,27405,27148,26140,26426
"325520",7466,7920,8309,9057,9677,10436,10856,9790,10724,11406,12061,12012,12695,12847,14001,14525,15402,15171,15294
"325610",29386,29061,32902,37318,37929,46435,42693,43665,43415,47100,45336,38794,39509,38120,36683,38064,24336,25518,34836
"325620",32586,29071,30916,33130,35154,37353,36064,31256,33748,35912,35344,39292,40322,42463,41473,45194,45651,49827,44009
"325910",4442,4200,4587,4909,4854,4852,4629,4164,4767,4964,4899,5220,4957,5006,4673,4273,4745,4751,4445
"3259A0",32803,32003,32294,34911,36662,39370,39204,35627,41417,42755,40719,40999,42030,40978,39540,41666,42159,39345,36542
"326110",28037,28389,28494,31949,34214,33993,34425,29560,33135,35538,39386,41716,41541,40444,38487,39164,40680,39278,38483
"326120",10856,11477,12674,14897,16376,13819,13500,9614,11396,12660,15424,16745,18100,17753,18557,18897,21065,20523,20099
"326130",2211,2380,2363,2561,2644,3725,3595,2612,2971,2902,3544,3520,3848,3844,4244,4192,4087,4146,4061
"326140",6295,6454,7042,7824,8303,7759,7868,7357,7593,8048,8310,8688,8144,8354,8265,9399,9117,9403,9203
"326150",6943,7178,7752,8628,10225,9636,9510,7007,7799,8469,9441,9877,10424,10613,10762,11138,11697,11725,11573
"326160",8018,8280,8449,9430,10080,11849,11974,10778,10745,11711,12323,12248,12629,11961,11090,11187,11434,11695,11412
"326190",78844,79476,82292,87816,92020,88246,82495,69162,76335,78790,83582,87938,92870,96787,98289,100160,106992,104755,103288
"326210",14520,15065,15737,15956,16250,17409,16899,15662,17241,21478,21105,20135,20084,20488,18095,19206,21646,20689,16655
"326220",4076,3997,4156,4374,4395,4388,4405,3660,4315,4836,5280,5316,5291,5369,5271,5410,5822,5569,5528
"326290",13610,13499,14014,14693,15302,15398,14272,12365,15083,16579,18073,18303,18296,17928,17729,17622,18133,17832,17635
"327100",9080,9025,9250,9800,10209,9768,8482,6588,7719,7709,7280,7804,8221,8342,9193,9171,9684,9391,9328
"327200",22464,22089,22607,23344,23815,23648,23414,20346,20884,22091,23570,24273,24742,25886,26573,26469,28370,28147,28479
"327310",7369,7503,8309,9284,10340,10358,8940,5729,5191,5340,5927,6752,7254,8215,8516,8391,8674,9109,9170
"327320",21497,22457,23389,26849,31382,34784,27715,20412,20206,19335,20858,21585,24541,27726,30061,31339,32508,33064,33466
"327330",6221,6409,6801,8101,9178,9010,6988,6318,6048,5780,5711,5914,6189,6454,6712,6658,7226,6630,6605
"327390",8952,8435,9402,10544,11700,12079,12099,8784,7722,7699,8737,9580,10561,11048,11442,12021,13386,12615,12677
"327400",4965,5344,6293,7749,9070,7509,6467,4437,5190,5339,5984,6762,7317,7478,7400,8022,8450,7956,8034
"327910",3487,3590,3806,4106,4454,4450,4369,3426,4461,5070,5296,5374,5909,5424,5278,4797,4522,3945,4005
"327991",2366,2467,2737,3094,3470,4427,4119,3225,3481,3707,3660,4109,4274,4452,4574,4897,5078,5257,5200
"327992",2079,2436,2122,1907,3121,3155,3455,3425,3854,3867,3550,3965,4247,3903,3904,4366,3955,4162,4195
"327993",4894,4826,5324,5734,6194,6002,5362,4656,4813,5257,4934,5686,5820,5966,6213,6268,6186,6763,6815
"327999",1881,1965,2350,2694,2875,3273,3016,2625,2789,2872,4133,4499,4513,4223,4911,4760,4216,4698,4740
"331110",47179,48679,76590,82468,92645,101939,126698,64211,95735,117837,112976,108244,109590,88262,76979,89522,104825,95189,83380
"331200",15016,14288,17897,20410,19982,22385,25676,15108,22661,26348,25906,24770,25234,20810,19341,21760,26173,25592,22375
"331313",5729,5588,6872,6559,8010,7841,8171,4424,5771,7052,6507,6010,5546,5743,3369,2712,3185,2853,2821
"331314",3518,3522,4058,5285,6632,7766,7169,3269,4894,5628,5777,6117,6434,6183,5487,5950,6495,5795,5742
"33131B",18839,18003,20841,24215,26818,25905,24504,17600,22483,25403,25356,26394,27088,25691,25051,26652,31858,29194,28802
"331410",5025,4736,6314,7292,12007,13562,13521,12069,16984,18998,14844,15063,14323,10560,8887,10014,12027,13202,13029
"331420",10022,10138,13237,15609,20704,25572,23366,14289,21709,25827,23349,23597,23124,19585,19178,21595,23105,21773,21470
"331490",7114,6903,7565,9569,12397,18199,20041,13529,17987,23237,22789,21202,20700,18298,16245,14561,15166,15596,15071
"331510",15238,15022,17170,19222,21047,19301,18815,13903,16703,18932,18894,18622,19790,17948,16009,16620,17495,17023,14004
"331520",11483,10798,11353,11839,12882,13879,12380,8722,10777,12243,12819,13218,13725,14034,13065,13091,13582,12607,10785
"332114",3987,4469,5700,6530,7171,8046,8961,5973,7067,7785,8342,8264,8751,7884,7236,7268,8044,7994,6861
"332119",9874,10075,11491,12708,13320,12749,13729,10274,11624,13137,11905,12023,11952,11837,10750,11498,12361,12350,10791
"33211A",7429,7190,7958,9094,10408,12433,12643,9838,10919,12828,14316,14397,14606,13425,12242,12526,13954,13615,11633
"332200",11142,10788,9907,10549,10664,11461,10173,9920,10943,10857,9628,9834,9651,10006,9321,9107,9321,8969,9537
"332310",27997,26884,29289,34290,39733,45547,50746,38573,34986,37271,40664,41296,44646,45291,44088,45245,51134,51811,48245
"332320",31906,31523,34591,38185,41354,43761,44416,34452,33374,34902,36595,36920,38855,40189,41728,42756,45520,46449,43434
"332410",3811,3596,3631,4350,5549,5872,7248,5719,5674,6678,7033,7496,8035,7536,6705,6140,6572,6926,6695
"332420",4792,4914,5235,5973,7908,8697,9063,6229,5808,7187,9457,9585,10102,9269,7656,8102,9736,9959,9682
"332430",14728,14583,14909,15488,15892,17161,18228,17576,18494,18875,18851,18578,19047,18379,17005,18036,19425,19691,19178
"332500",10197,10000,9887,9858,10043,9248,8335,6484,6584,6837,7291,7614,7982,8253,8354,8670,9075,9191,8726
"332600",8623,8434,8525,9054,9012,9147,9136,7371,8014,8224,8443,8521,8601,8828,8573,8856,9704,9532,8941
"332710",26838,26673,29282,32554,36314,37173,39478,30408,33855,39592,39897,40369,41592,39167,40108,41804,42904,42916,39792
"332720",16329,15779,16775,18877,19977,24272,24969,18549,21427,24410,28017,28896,28950,28288,27032,28556,31057,31206,29320
"332800",19329,18838,20633,23240,24889,26840,27809,20452,24337,27168,27238,27897,29243,27221,25421,26141,29193,29260,27358
"332913",3384,3167,3277,3254,3886,4386,4392,3487,3178,3079,3534,3869,3818,4004,4389,4381,4566,4695,4200
"33291A",17717,17548,18246,20073,22392,24360,25518,20690,24585,29376,28454,29424,29645,28050,27147,26006,27355,28548,25739
"332991",5700,5893,6542,7113,7520,7488,9677,7194,7534,8836,7015,6636,7122,6997,6485,6360,6739,6321,5905
"332996",3811,3630,3890,4774,5597,7348,8433,6222,6189,7516,8205,8008,8140,7632,6018,6338,7065,7114,6607
"332999",14098,14053,13231,14493,15740,18301,15404,11067,10343,9592,14583,15039,15616,15875,14650,14828,16072,16202,15466
"33299A",5176,6237,7270,7450,9298,8470,9413,9735,10683,12640,14054,15887,14317,13832,15707,14264,13949,15278,14486
"333111",14049,14880,17015,19637,19528,21281,24408,23080,21340,24611,34791,38822,39436,30649,23898,24606,28196,29699,30076
"333112",3608,3711,4318,4553,4035,7137,5244,4427,5418,7432,7714,8313,8572,9197,8201,8194,8340,8765,9835
"333120",17116,18797,23879,31066,35841,33425,34336,21301,28085,35834,40287,34423,36808,28881,26545,28815,32419,33888,29669
"333130",6863,7326,8330,10319,14505,20653,23892,19561,20610,24885,32809,32177,32294,21580,15743,16865,20394,19597,15281
"333242",9934,9481,11990,11836,15104,14600,10298,6425,12175,12036,10327,9350,7523,6097,6408,8956,8605,8461,12816
"33329A",20844,20175,20587,22074,23514,26177,27023,21821,21762,25923,22798,24053,26133,26711,28678,28107,29044,29851,29810
"333314",3201,3316,3333,3584,3985,4469,4992,4721,4919,5155,5432,5134,4649,4893,5058,4852,5499,5559,5375
"333316",2023,2046,2223,2360,2600,2418,3317,4307,5324,6826,2467,2373,1937,2060,1914,1758,1843,1356,1326
"333318",16746,15676,16252,17320,18697,18341,17683,15603,16112,17641,19250,18616,21046,21322,20488,19316,19230,19167,20025
"333413",4019,4024,3950,4250,4733,5535,5972,4770,4736,5274,6140,6359,6565,6677,6951,6967,7239,7496,7306
"333414",3869,3963,4285,4767,5108,4955,5088,3640,3680,3990,4971,4749,4481,4558,4290,4297,4428,4698,4736
"333415",23803,24053,25287,28351,29053,30281,29849,27157,28041,29803,30540,31596,31047,32742,32602,32186,32859,33742,33095
"333511",5641,5452,5394,5759,5850,5784,5592,4414,5112,5656,6317,6429,6468,6495,6199,6681,6920,6300,6024
"333514",7117,7163,7208,7908,7956,7817,8106,5759,6751,7821,7501,7849,8265,8423,8285,9247,9246,8446,8206
"333517",4203,4017,4289,4990,5612,6598,7218,4696,5385,7100,8117,8292,8520,8191,7316,7891,8510,8247,7663
"33351B",8360,7712,7888,8269,8417,8383,8643,6142,7267,8203,8690,8546,9022,9122,8784,9307,9726,9534,8931
"333611",14130,13287,6681,7108,6708,9585,9809,11897,10716,12096,17063,15038,14672,15140,14099,12249,10341,9933,10256
"333612",2029,1978,2001,2175,2487,3453,3719,2812,3037,3670,4887,3926,3862,3683,3165,3341,3861,3555,3057
"333613",2707,2492,2765,3037,3231,4178,4377,3177,3577,4355,4425,4246,4178,4321,4232,4572,4628,5040,4351
"333618",18425,20380,23569,26379,28281,25467,24946,16559,20725,27659,28185,25634,29044,27555,22587,25485,30109,29248,25662
"333912",4208,4462,5211,6596,7951,9438,9709,7908,8305,9094,10128,10488,11179,10106,8610,9783,10717,11292,10138
"33391A",7776,8717,9186,10197,10524,13427,14095,12413,12774,15126,16288,16805,17595,16818,16011,16817,17498,17064,15779
"333920",15066,15851,18064,21565,24442,27384,26856,22597,27854,29752,30484,28178,29320,27754,28072,29248,31949,32875,30168
"333991",3433,3125,2819,2724,2003,2429,2599,1859,2131,2547,3867,3748,3341,3245,3146,3400,3218,3476,3725
"333993",4104,4084,3825,3931,4133,4334,4815,3926,4441,5186,5661,5678,5634,5866,6502,6481,6810,7417,7155
"333994",2605,2499,2325,2518,2495,2415,2621,2081,2328,2734,2744,2717,2808,2836,2713,2625,2747,2827,2728
"33399A",15126,15410,16347,17788,18414,17714,18832,14796,16976,19243,21502,21991,23092,22223,21524,22883,23513,24107,23582
"33399B",5788,6055,6736,7813,8466,9156,9881,7388,9109,9435,11365,11447,11439,11611,10614,11574,12244,11693,11878
"334111",52376,48362,43726,44560,47966,48280,47434,38961,23997,12566,12697,10493,12189,12846,16742,15630,17020,15741,16196
"334112",8620,9164,7463,8993,8984,9163,8528,6433,8396,8980,9038,10258,8871,8291,8233,6507,6847,7600,8481
"334118",16221,14484,16210,17005,20082,15690,15770,11675,11516,13531,12984,12594,11020,10765,11081,10728,11239,10081,10715
"334210",33766,27556,24923,24335,31697,23720,12562,11800,13347,13190,12373,12873,11806,11850,8593,8375,7217,7072,7605
"334220",36687,39774,40833,40229,43685,46012,47848,37021,36504,35147,35360,36727,33153,33887,30663,30286,32505,32100,34492
"334290",6639,6003,5007,4928,6125,5995,5592,5362,6762,6767,6653,7134,7555,6694,5467,5273,5194,5098,5362
"334300",10045,10046,12638,13140,12967,14351,7953,7122,4213,8047,3016,2880,2820,2828,3007,2655,2893,2955,2751
"334413",65454,71875,77597,81171,75608,78393,73215,56359,66270,68225,57138,54759,56540,57088,57005,58141,59969,59127,60460
"334418",24334,24412,22641,23383,23359,24250,23912,18347,21426,21657,19554,20902,19480,20663,19021,20438,23534,24455,26161
"33441A",28507,27341,26858,27588,28678,31612,31376,24957,27673,30095,30872,31091,32150,32586,31112,31668,33419,33632,35983
"334510",16075,16752,17253,18875,19926,26235,25624,23015,24865,25015,28683,29120,28378,28858,30506,33150,34694,34570,33737
"334511",36294,37224,43619,42470,44158,51158,54382,52478,53509,54584,51359,49610,47937,47917,52325,54508,54364,57252,57448
"334512",3295,3116,3046,2626,2710,3414,3285,2691,2939,2835,2774,2830,2890,2618,2740,2751,2882,2917,2994
"334513",7708,7697,8126,8352,9329,10267,10571,8622,9032,10337,12095,12168,12492,11888,10844,11719,12625,12626,13065
"334514",5002,5132,5663,5498,5267,5838,5978,5192,6028,6689,6906,5923,5491,5417,5596,5448,5595,5455,5665
"334515",10686,10895,11976,11850,12299,13384,11763,8948,10141,11008,13348,12607,12203,11523,11279,12273,13323,13011,13496
"334516",8917,8568,9204,10100,10921,13733,14984,13260,14313,14619,14600,14479,17245,17491,17296,16292,16324,16649,17424
"334517",4272,4006,5402,5817,5433,5697,4634,4308,4216,3871,9407,10584,10230,9968,9301,8777,7478,7842,8058
"33451A",7556,7310,7790,8666,9847,10284,10709,8831,9098,10839,12379,12762,12722,12065,12264,14866,16433,16393,17093
"334610",7716,8090,8196,8065,6870,6870,7089,4776,4592,3658,3006,2774,2856,2916,3335,1970,1874,1566,1419
"335110",2581,2536,2447,2365,2138,2083,1996,1877,1914,1682,1812,1715,1515,1052,1107,1430,1658,1200,1121
"335120",9770,8949,9343,10074,11015,11273,11451,8867,8487,9876,10214,10415,10766,11322,11723,11990,12162,12405,11681
"335210",4396,4326,4341,3740,3650,3563,3303,3289,3002,2902,3401,3287,3274,3536,3177,3523,3607,3522,3647
"335221",4044,4197,4057,4400,4187,4111,3821,3524,3742,3824,4320,4376,4541,4766,4959,4797,5001,5251,5699
"335222",5553,5803,5867,6126,6056,5716,4549,3601,3545,3569,3598,3545,3738,3879,4220,4289,4463,4681,4941
"335224",3355,3680,3950,4285,4111,3742,3648,3102,3200,3132,3603,3522,3723,3849,4212,4286,4471,4670,4912
"335228",3488,3480,4045,4231,4268,4574,4711,3977,4056,4158,4541,4486,4822,5125,5191,5227,5456,5679,5959
"335311",4148,3895,3605,4138,5065,7464,7352,5848,5568,6066,5901,5838,5948,5491,5412,5293,5793,6410,5770
"335312",9193,9370,10270,11424,12116,12417,13851,10368,10291,11529,11462,11050,11283,10506,9983,9784,10736,12208,10985
"335313",7991,7846,8016,8179,9229,10525,11147,10099,9883,10696,11070,11938,12120,11675,11626,11635,12686,12531,11329
"335314",9148,8461,9249,9295,9885,11113,10578,8829,9219,9854,10026,10125,10689,10352,9897,10260,10613,10905,9801
"335911",3827,3535,3497,3808,4206,5701,6374,5306,6005,6705,6501,6499,7989,8071,7612,7447,7794,7424,7176
"335912",2927,2818,2543,2862,3220,3087,3297,3729,4455,4908,4506,4054,3743,3739,2613,2288,2526,2360,2259
"335920",11253,10295,11307,13023,15881,16038,15601,11302,13591,15517,15191,13805,14526,14491,11936,10849,11295,11635,11624
"335930",10489,10107,11002,11165,11816,12580,13171,9653,10087,10829,12938,14524,14133,13999,13630,14406,13784,13786,14097
"335991",1723,1723,1754,1976,2361,2671,2898,1861,2671,3186,3439,3385,3394,3310,3119,3371,4290,4667,4672
"335999",6974,6916,7156,7651,7995,9623,9170,7455,8851,9391,10323,10971,10253,10807,10813,10397,11400,12155,12300
"336111",85182,81234,88582,90070,99379,87504,74459,46038,52869,52655,58911,62090,67131,66442,64698,51084,50722,46869,39673
"336112",145758,160992,163181,164157,154830,161280,117205,99513,137162,170243,171279,206398,237078,267590,283801,318614,312235,315995,270874
"336120",16578,16020,21621,26959,30467,21564,19656,19675,24851,29988,31475,30905,32089,35526,25465,27508,34632,36435,31094
"336211",7894,8374,9108,10079,10994,11383,10603,10498,11604,12483,11550,12068,12874,14072,14405,14436,15660,16122,15993
"336212",3957,4453,5677,6982,7980,7216,5917,4262,5373,6934,8205,8232,9384,10270,10649,10728,12080,12265,12193
"336213",5422,5809,6159,6060,5368,5603,3754,1694,2856,3198,2340,3247,4035,4253,4754,5501,5335,4609,4648
"336214",6729,6835,8534,9514,10725,10592,7865,5870,7402,7873,10552,11927,13820,14288,14646,17537,18635,16850,17345
"336310",34723,35172,35348,34480,31850,27906,29016,28905,31957,33530,29949,32298,33133,34899,36849,37095,38242,35361,33238
"336320",24811,24133,20640,22503,22470,19816,19885,20076,21177,21135,19635,21501,24055,25253,24172,24001,24913,24703,22737
"336350",35889,34163,36286,35106,34953,36605,27168,22226,28959,30538,35500,36198,38553,38361,38432,41228,42614,41624,39785
"336360",15929,15923,16057,17671,18607,20445,17395,12961,17251,21500,23034,25671,30038,32361,34816,32003,31413,30294,28582
"336370",26470,26835,27441,27767,27083,30612,25944,18827,26309,29264,30189,32576,35535,37764,39329,38214,40105,38246,36014
"336390",43285,43626,44069,45700,46079,49981,47142,35190,47530,57627,57635,59741,65893,68959,66287,62716,65774,62530,58765
"3363A0",24035,24313,24783,25401,24458,22280,18817,16705,19296,21830,23583,22786,25284,26026,28070,27929,29866,28661,26334
"336411",69495,62409,62821,73413,77339,101267,101164,96069,101305,101405,117868,124677,132606,136496,124992,145480,147510,138433,79704
"336412",24217,24190,25363,27611,29294,38186,36423,31979,30704,34998,44017,47137,49333,50032,50666,55052,55323,62388,37575
"336413",21887,21587,22671,24658,29097,33367,30839,31692,29719,34764,35899,38205,41642,40127,35105,36409,36298,40305,30124
"336414",11556,13486,10429,14084,12063,16291,15928,13231,17826,20143,20943,21391,22167,21737,18543,17489,17113,17028,19310
"33641A",4133,4372,5595,10555,5667,5911,6754,6060,5919,5644,5872,5927,5937,5902,7735,7532,7869,8395,9954
"336500",7556,7073,7874,9228,10786,12758,14741,11411,10336,12174,16638,19665,22375,21943,16199,11910,11991,11208,12212
"336611",13103,13621,14033,14561,15601,18351,21837,24559,22044,21055,22691,22560,23823,26078,24496,24713,24850,26807,23618
"336612",8371,8310,9660,11168,11577,10668,8638,5392,5741,5868,7240,7793,8487,9629,9445,10040,11086,10310,8971
"336991",5592,5877,5459,5694,6281,6617,7158,5723,5750,6345,6083,6286,6392,6712,7378,7305,7143,6947,7063
"336992",1627,2625,3770,5182,6294,11471,16123,14839,11536,7109,6123,4492,3732,4176,6671,7487,7062,7092,7424
"336999",8223,8513,9199,9883,10019,8724,9665,7049,8125,9281,7296,8056,8648,9211,8179,8379,8615,9104,8808
"337110",14831,15757,17689,19622,20942,19353,16425,12704,11750,11506,11464,12886,13377,15041,15397,15142,16121,14960,14300
"337121",11828,11724,11583,12064,12181,13159,11182,8912,8529,7644,9810,10098,10414,11397,11730,11937,12444,11582,11059
"337122",10877,9755,9192,9375,9031,7379,6829,4322,3842,3446,4190,4225,4066,4228,4279,4137,4139,3773,3497
"337127",5139,5158,5354,5764,5884,5833,5186,4120,3232,3036,4655,4555,4638,4774,4628,4685,4870,4773,4289
"33712N",2692,2463,2609,2807,2909,3296,2807,2508,2439,2582,2873,2985,3010,3222,3077,3085,3116,3018,2861
"337215",8742,8799,8985,9439,9985,8323,7231,5489,5306,5686,6708,6841,6963,7431,7460,7280,7395,6538,6311
"33721A",14519,14594,15215,16735,16420,18774,18758,13474,12324,13935,16372,15492,16285,17270,17513,17565,18534,19493,17614
"337900",6995,7020,7754,8443,9029,9517,8534,7983,9845,9429,9714,10216,10206,10333,10220,10255,9587,9592,9000
"339112",21844,23116,23149,27075,29006,30822,34965,36386,36996,38232,39123,42383,40125,43172,39676,41695,44530,43788,51722
"339113",25252,27873,27757,31514,32367,33753,35536,36419,37689,37257,36478,39964,36866,36131,34050,34040,35427,35930,42921
"339114",3129,3296,3639,3993,4134,4539,4785,4542,4825,5063,4786,5137,4234,4987,4676,4867,4957,5114,6017
"339115",6229,5801,6074,7234,7299,8140,8086,8214,6812,7331,8003,8500,8204,8081,7990,7836,8316,8815,9654
"339116",3731,4029,4159,4491,4712,5183,5334,5131,5002,5023,5554,6094,5852,5774,5777,5933,6438,6566,7487
"339910",9464,9617,9857,10943,11343,11903,14115,10079,9978,8653,7873,8284,8183,8072,7813,7516,7947,7678,7529
"339920",11992,12886,12450,13239,14018,13193,12744,11187,10892,10670,10067,10415,10322,10360,9782,10078,10663,11274,11678
"339930",4384,4253,3985,4169,4191,3160,3029,2768,3619,4634,1798,1552,1615,1632,1668,1564,1576,1473,1531
"339940",4581,4124,4030,3984,3887,4240,4147,3886,4512,4413,2770,2704,3001,3179,3110,3088,3161,3323,3015
"339950",10842,10995,11602,12655,14790,13666,16040,13754,11552,11693,11601,12729,13533,13946,13817,13703,14043,14611,13820
"339990",25581,25836,27282,29135,30485,30554,30807,28009,27810,29037,27634,29777,30848,30894,29028,28627,29705,30789,30920
"4200ID",19938,21458,23283,25335,26687,28793,29243,23081,28603,31891,33503,35468,37363,38123,37534,38513,53284,77752,68627
"423100",61201,59458,64529,67284,74512,73546,73680,60919,80994,93935,107685,112542,122061,124484,128017,131190,142179,146534,135549
"423400",95763,100520,110484,122275,131625,141004,157825,149420,175656,190543,199955,205105,211609,219053,223349,237497,246585,254630,247933
"423600",74762,74783,84496,87187,101446,108661,103234,93483,113876,128718,145128,153919,162748,171121,170012,172622,184362,183505,185379
"423800",79171,83598,94400,104102,108967,114177,123485,97336,120722,144623,167153,171672,183144,179070,175590,189318,208093,205339,203504
"423A00",133613,139726,166073,179854,199347,206881,204369,149422,185732,217308,231127,232957,247169,242634,249839,274831,299324,298343,301943
"424200",62692,64349,69573,84309,88278,88549,93121,97440,109148,118022,130983,140679,155466,176440,179938,186916,192816,198999,197000
"424400",79948,92048,86197,90373,93960,104258,105692,105301,112409,115418,129164,136518,138818,148392,149667,159839,160936,167335,165756
"424700",88084,96349,106200,116792,127378,132549,142876,120028,126214,143862,156907,163234,162405,146367,140827,153022,169433,169752,144918
"424A00",174486,173768,186361,197054,207915,232303,241356,230567,252928,273615,290963,313765,322846,322061,318326,331095,335169,341836,328154
"425000",22219,23164,27717,33169,36720,40132,52244,27755,52917,72852,62410,68936,75503,83011,79126,83666,79422,85574,98667
"441000",208890,211281,217241,211917,214647,215797,184484,147800,196860,198780,221895,235849,254194,279078,299944,301213,324294,332048,326810
"444000",87649,95934,108367,119179,126354,126704,113149,104595,108376,111091,115667,126832,132589,140227,150472,152374,156652,161588,184094
"445000",153932,159015,168239,175213,185029,188189,194115,190728,197147,203793,207675,210668,218441,227964,232520,243104,247450,255196,281072
"446000",56100,60889,65581,68071,72660,74985,75877,84717,82273,84882,87850,94493,95697,101522,102032,105258,102880,105080,102455
"447000",58398,65652,72878,79880,82607,82899,89281,70530,75521,81762,84141,88308,91847,92474,97013,105200,113560,117221,101356
"448000",86751,92741,101067,106476,114439,114996,107947,105325,112252,117965,126432,131055,132980,137915,139580,140087,144102,143184,109689
"452000",139482,157142,172717,181068,186495,198425,200652,207333,215053,212388,210740,216710,222950,230215,230645,234814,245656,245494,261805
"454000",88537,95477,102930,110122,124156,133416,131529,130224,140248,151374,166990,184353,204413,229646,252284,279919,318622,357653,435141
"481000",111351,121989,132136,141797,152088,160672,170930,146637,163474,194219,195394,201273,211236,211288,210211,222807,240071,257872,126581
"482000",40488,41448,45679,51528,58115,60665,68392,54710,66432,75816,79137,82412,88647,82025,75106,78784,85646,85413,74346
"483000",25962,30155,35338,37984,42416,47592,51378,43314,47456,49526,50616,50646,54162,51054,49734,53204,57628,59308,39979
"484000",203133,208887,231010,255943,272753,279027,283670,231357,251530,278367,297770,307384,333496,332550,331371,356720,391212,402313,378869
"485000",27447,28073,33374,37080,42409,44961,45094,44933,45138,49239,50998,55597,61828,65769,67526,79282,93806,100829,66740
"486000",22150,22355,23037,22829,24244,25741,31245,27305,31190,34988,36441,38768,41797,43699,44488,47141,54130,58829,56934
"48A000",63558,64905,72200,81075,89117,94730,100208,87433,96871,106312,113157,119418,129710,137453,138772,141218,151056,156159,150907
"491000",66595,66549,67763,68126,72734,74849,73143,67722,66256,63950,61902,61016,62985,62768,61896,59177,59315,58049,58916
"492000",61685,65144,69887,71266,78130,83754,77575,67501,68801,72741,74089,75515,78472,80374,84189,91046,99067,102995,117048
"493000",39693,45257,49688,53168,61495,69036,76898,78611,88469,97611,108889,112877,116224,120074,129421,138731,145459,153014,155382
"4B0000",165563,169875,181531,187789,195694,198552,180201,166463,171927,173895,182119,191752,197843,206158,208232,211172,216120,219963,213917
"511110",47364,48342,49358,50497,50019,48646,44011,36125,33983,31954,30399,29133,28681,27110,25825,26317,25746,23783,20727
"511120",41616,41101,42890,44321,46324,47586,44195,36658,34189,32394,30231,30178,30380,29340,28723,28530,27461,27667,23724
"511130",36082,35394,36689,36758,36874,39350,39191,37807,40188,39753,36119,36801,37208,38375,37850,39090,37890,36026,32591
"5111A0",26858,26614,26139,26453,26655,26760,25557,22253,18606,17642,16261,14200,14490,14438,13454,12146,12072,11176,9850
"511200",112720,110276,124620,134062,144602,148688,159967,155481,162247,176359,183231,198491,210647,212383,240694,263185,286183,310330,357978
"512100",99162,107552,107369,110673,112795,116060,111075,104948,113004,113016,117059,120795,121700,126697,132342,131900,142663,145159,117631
"512200",23424,23042,22023,22767,23091,20997,20007,18164,16785,15315,14638,14399,15123,16643,17273,18726,20458,22477,17954
"515100",57914,57777,61110,62809,66981,64434,65440,59517,66759,67782,75079,75342,81375,83920,93338,94107,101200,104893,107417
"515200",34342,38819,42812,48985,53157,57478,61953,63883,68516,74308,78787,84222,89321,97373,102411,107002,110808,112609,109770
"517110",355703,337077,327743,326378,325753,327118,326226,316615,314728,316406,310725,313877,322187,334092,354994,345236,341605,344798,339336
"517210",105946,116813,130630,144215,158325,171293,182801,188589,200524,216740,230480,238188,256910,261627,265208,263777,281518,287053,285663
"517A00",22806,23628,23609,27220,30338,33863,36342,36266,36811,34419,38044,40684,43205,45066,46133,47187,50128,51938,52212
"518200",64389,63216,65660,68537,75499,79031,88711,88701,97220,108631,121908,131412,137835,148620,157556,179089,203205,224900,248725
"519130",9914,12350,15868,19522,24770,32372,42316,47767,58399,72784,92212,101940,115210,132937,157906,179142,208682,237518,270453
"5191A0",6870,6986,8073,8606,8674,7072,7159,6885,6912,7235,7370,7795,8203,9245,9549,9754,11037,12227,13588
"522A00",214869,216299,227054,236227,242189,241242,265969,262304,257108,265641,300206,308881,320002,296293,299786,302843,305944,308288,304367
"523900",122855,131819,148079,173845,210336,239934,248577,222168,234083,251953,278389,311685,339941,349439,349707,371334,398178,422117,438420
"523A00",163544,176169,196455,208168,236588,261604,208737,214086,220310,200281,200082,206947,218481,218793,215635,225680,232636,242231,253855
"524113",58825,60478,72287,79254,84108,87282,86638,78048,78569,82616,82069,82508,86245,88760,75402,92539,95508,93032,94398
"5241XX",278305,313012,340046,372849,390159,434808,445691,380856,383293,417956,428144,458416,529033,586733,627708,662168,720446,762896,805820
"524200",124883,133437,144086,153628,161765,169699,183575,186465,198272,224870,286132,309806,327574,344723,359612,380276,406376,428297,453146
"525000",71405,70258,80602,88172,97920,114337,118345,99886,108976,113817,117255,138735,145018,163544,155980,157460,153384,146107,165024
"52A000",367047,398005,404646,438733,462250,476181,435030,437875,434817,427434,461454,477406,499106,533926,577432,641715,712645,731447,748824
"531HSO",877017,919031,973385,1046007,1106754,1171262,1245040,1262025,1285398,1302866,1320813,1356189,1389098,1429593,1485133,1546764,1607952,1682459,1754045
"531HST",271833,274813,291382,308943,322392,334626,348815,354823,365515,383178,405856,425104,445644,466139,485448,501769,524347,547262,570124
"531ORE",583811,647961,757376,889519,900667,885160,813946,756404,803339,823269,888883,963360,1030702,1122905,1193736,1228622,1297445,1403672,1373605
"532100",39128,39886,43093,45602,48446,49988,51096,47810,48147,51182,53885,55939,59031,61256,64337,66560,70912,76726,63519
"532400",39755,39108,41460,46620,53496,56033,57429,51526,52463,56356,61931,66984,73854,77621,76296,79830,89359,94417,80092
"532A00",24398,25901,27982,28151,30249,31118,30788,27964,27681,26844,26882,26901,28065,29242,29117,28832,30029,30487,27991
"533000",98629,114038,118419,130170,130312,132956,150218,123613,140235,150343,155953,167743,177095,161188,162615,165342,182299,195690,188028
"541100",212020,238963,252041,270158,280968,290423,292145,279853,285994,297749,306975,309179,317819,331383,338068,358192,361871,378084,371815
"541200",102881,105119,108626,115269,121600,132049,141145,141843,141904,149187,162302,168908,179797,193482,196136,203838,211408,224510,225062
"541300",174408,180643,203329,228288,249716,272090,292058,264477,262551,280499,281281,281846,298421,311584,318239,332096,354020,372523,347547
"541400",20420,21493,23328,25249,27267,29881,28877,23901,24077,25722,26794,27615,30654,33044,34005,35309,37060,40023,33251
"541511",70110,69074,70733,78962,83588,96543,104137,101141,113324,123780,135833,139766,151494,155017,169333,188471,208622,219955,217885
"541512",91863,88896,88302,94192,98636,105418,117490,116861,128502,142717,158063,157544,163750,163308,171165,182667,197895,202327,200525
"54151A",37768,39755,42549,44680,48229,54979,60307,61659,63202,64434,60305,61475,62584,63364,66646,67242,68621,67957,67258
"541610",104501,104420,113467,127005,134223,145325,156647,150293,166743,183083,199059,209659,224814,232966,245238,252881,266360,277039,264889
"5416A0",18120,20013,22374,24920,26790,31451,33871,34800,38066,41182,44114,46046,48311,49844,50667,52197,56655,61333,58607
"541700",135105,138477,142241,142909,149782,156939,166994,169005,171707,176769,177254,179985,188413,202087,214796,240212,262152,289912,300888
"541800",81849,86658,95669,104159,116165,128998,125310,110681,111807,111067,112882,115389,121230,125875,135278,143515,155511,166195,153624
"541920",10474,10740,11007,11270,11531,11843,11967,10841,10619,10587,10861,11313,11946,11848,12074,12534,13603,13858,14100
"541940",16127,17221,18718,20438,22216,24533,25722,25847,26795,27655,29408,30993,33939,36577,39747,43128,45035,47153,41578
"5419A0",46941,50132,55185,58676,61315,64034,67599,68373,72670,76370,79908,81002,86559,88795,91499,99744,106800,120632,122026
"550000",261756,280575,320801,354808,383657,433424,432647,400165,422154,446492,478778,498995,531325,561730,566833,602729,635998,671376,679027
"561100",36568,38061,40409,44135,44864,45656,45280,44624,45090,46904,48318,50723,55026,56592,58741,60330,62836,64876,66630
"561200",14049,14646,16434,19611,23228,27326,29244,28167,27367,28337,26427,25864,26710,28243,28439,30097,33719,35292,34428
"561300",115485,122106,136585,152191,167152,179117,187108,169175,195743,222895,247715,262161,301156,330772,366340,394925,421534,450341,439430
"561400",50716,54388,58171,62420,67466,70521,70643,66931,66527,67080,67765,68079,70043,71905,77110,79093,83163,84960,89797
"561500",27814,29437,31881,33480,35907,39997,39730,34420,36359,37321,37725,39634,42156,44806,49361,55603,62784,57972,23926
"561600",34748,35753,37315,40893,41603,44792,47584,47024,47055,48613,50649,52450,54544,56610,61546,65909,70132,76053,78523
"561700",100202,106294,113302,121851,129631,140761,141763,131807,133680,137591,141523,149130,163121,171767,184460,195439,222106,241112,256146
"561900",34792,34019,35783,38916,39527,40737,41359,36879,37852,39359,41529,42273,45163,47162,48537,51041,55918,59408,55096
"562000",53468,57302,62036,66762,73455,76525,79531,74836,82437,83194,83578,85080,89837,89811,95658,102621,109545,116495,114161
"611100",27922,28478,29270,30312,31682,33787,35353,35168,35301,35655,36044,38566,41160,43618,46197,47794,49757,51888,51770
"611A00",101944,109783,115551,120748,133143,148682,164521,180240,195814,207602,209875,215910,220253,225344,231699,237457,241267,244508,225724
"611B00",36332,38293,40493,44051,48660,54145,57433,58116,61786,63196,63667,65302,68839,72133,75239,78792,83812,87670,73863
"621100",263940,284956,306007,322232,335949,351782,369057,378549,390828,406001,419048,421505,439989,465471,490884,512170,530193,550057,517550
"621200",76384,78618,84055,88571,92034,97420,102249,102438,104814,106142,107497,108997,111929,116720,122979,127935,134370,140168,110862
"621300",48274,52364,56232,58852,60955,65308,70853,74457,81125,85447,86756,88703,93321,99000,104241,108990,117580,125456,121601
"621400",57117,60229,62217,67174,70068,71868,76510,82769,87240,89644,100335,100636,105612,110970,123483,133398,140346,149049,144557
"621500",29599,31884,33796,35769,37077,37775,41857,45654,47729,50829,52291,52332,52592,53964,55872,58898,59725,60947,62725
"621600",34842,37640,41358,44306,45999,50934,53797,57027,59224,62795,70108,69795,71480,75155,78526,83878,89765,98103,102446
"621900",19405,21099,23688,26021,29671,32790,31191,32542,32265,32894,32767,32784,34086,35396,37340,39928,41851,43560,42384
"622000",382358,408908,435502,469779,502203,530009,569343,611047,636893,667845,709343,732911,758634,813055,851325,880176,919880,961220,953424
"623A00",102373,109123,114755,122794,129613,137590,144879,149080,156248,161841,167759,171580,177271,184319,191541,194625,200504,208668,199649
"623B00",26040,28246,29758,32061,33603,35042,36532,37509,39472,40026,41170,42312,43817,46401,48478,51169,53826,56699,58031
"624100",42942,45711,48118,51012,55799,60668,66603,71633,76719,80107,84309,84941,89514,93433,100238,108274,113782,119534,125547
"624400",32839,33814,34133,34881,36663,39755,41342,42419,44034,42986,43024,45601,46670,48681,51259,54256,59478,63878,54598
"624A00",24726,26865,27869,30981,31931,33571,37369,39364,41833,41281,42107,42168,43728,45458,46999,49896,51537,53413,57655
"711100",14965,15600,17825,18431,18730,19491,20445,20696,20833,21714,20957,20647,21459,22884,24176,25331,26448,27587,15505
"711200",25737,26390,26900,28873,30782,34679,35692,35478,36311,37142,38174,39883,42297,45096,47168,51704,53667,56306,33994
"711500",22705,25897,26573,26904,30235,31836,32640,32683,33285,33996,36256,36966,39398,41997,43297,46684,51267,54365,43805
"711A00",19595,21095,21209,22802,26704,29254,30728,31795,31732,31593,35192,37120,40389,44265,46512,49813,54011,57220,26420
"712000",7974,8456,8609,9392,9979,11380,12266,12602,11885,12155,14167,14903,15490,14730,14816,16041,16810,17156,13300
"713100",11125,12250,13689,15151,16331,18352,17913,16329,16167,16132,16047,16193,16797,18301,19937,23435,26215,27579,11347
"713200",12983,16920,20871,21608,27354,29881,29929,28920,29210,30324,31140,32854,34054,35926,37150,38157,39970,38293,33574
"713900",52185,53847,56205,58851,62579,66634,67921,65595,66483,69093,72592,75505,78543,81758,85327,88521,92245,96133,73595
"721000",147634,151249,163140,177409,187473,192793,197994,181937,185668,198741,214942,225962,244184,258628,269683,279015,292562,301469,176842
"722110",189058,197545,208331,218186,231620,241509,243477,239264,245668,261941,278525,289300,310650,336211,350028,367030,386915,406349,296981
"722211",139888,154629,172113,189126,205804,220101,226483,225668,233792,242066,253777,264408,277152,303694,322774,341863,363322,385125,374890
"722A00",76592,74100,71716,68262,64897,59992,62931,64207,68194,75145,81672,85672,92227,98573,102613,107606,113301,119330,86538
"811100",99232,102913,105657,108447,111249,111094,106972,102712,105724,109157,111488,111710,115569,120747,125773,138461,151833,161612,153347
"811200",20704,20218,21159,19460,19604,19282,19274,19251,19614,20389,20875,20976,21473,22166,21993,21240,21620,22411,21149
"811300",22726,24586,26024,25527,27961,30595,32074,27388,28038,32128,34342,35105,37213,37604,38224,40351,42695,44164,39208
"811400",18017,18095,18589,19090,20007,20489,20105,18717,18652,18848,19409,20259,21096,22329,23114,24517,24933,26277,28355
"812100",41259,44402,48151,53849,56988,59849,64020,58378,64668,65912,68402,71796,76219,80111,84572,89519,95885,100571,53193
"812200",15278,16702,16522,17387,17893,18399,18463,18501,18341,18302,19739,18669,19071,20088,20530,20990,20258,20016,22843
"812300",23694,22999,23424,24651,26039,26152,25595,24824,25038,25459,26034,27004,28250,28962,28907,29455,30397,32813,28982
"812900",42213,43583,46236,47789,48073,48746,49238,47023,48664,51364,53499,55619,59813,62899,65090,70018,76987,81506,59663
"813100",62211,63312,67335,70015,72640,77714,78402,78852,78595,78347,82664,86247,90627,93020,96705,97640,97834,100096,101080
"813A00",27608,28934,30018,31917,36534,40473,44052,42185,41324,44473,44524,47867,52019,57520,60325,63865,67736,70036,64887
"813B00",72536,68857,69372,63930,70031,63497,73236,66352,70976,68175,77959,71005,78626,75682,85906,82210,95075,90684,102480
"814000",12773,14179,15112,15292,16393,18043,19107,17410,15321,16328,17330,18232,20845,21314,20047,18686,21973,23018,22568
"GSLGE",613047,639259,674067,709486,750238,797216,836029,854002,869936,875866,897145,921717,946148,974780,1004646,1032368,1080888,1110679,1114605
"GSLGH",159096,164852,174212,183004,192486,209354,225346,233338,240032,245310,237637,262082,273060,286153,299268,313361,328072,335944,328106
"GSLGO",603352,615929,642212,681268,721032,762157,795754,803935,806889,807507,812278,836063,857938,879852,900942,932045,975794,1001146,1015447
"S00101",9843,9992,10358,10941,12178,12302,13597,13039,13931,14111,13686,13691,14339,13843,13900,13991,14630,14425,14019
"S00102",10800,10407,9521,9017,10471,12232,14083,16386,16404,15711,21557,18492,17200,17451,17999,18351,18174,18312,18736
"S00201",8968,9374,9942,10473,11169,11789,12650,13221,13486,14393,14732,15330,15935,16399,16635,16927,17248,17183,16209
"S00202",21791,22562,23686,25769,28383,30241,37030,43300,49313,54825,59665,61013,62800,62898,62568,63551,65117,66508,66104
"S00203",129743,138520,148771,159545,172406,181331,190782,199930,210402,217297,223938,233164,240748,248131,254669,263660,275571,280361,273033
"S00500",374582,428318,466347,497159,522569,549978,606076,637329,675588,688109,676302,637602,625335,613305,614739,627185,664294,708405,729920
"S00600",217788,236785,252026,267805,283017,291130,316550,344427,373781,366865,370377,366848,375908,391291,402490,407768,429007,445768,489125
