"","1997","1998","1999","2000","2001","2002","2003","2004","2005","2006","2007","2008","2009","2010","2011","2012","2013","2014","2015","2016","2017","2018","2019","2020","2021","2022","2023"
"1111A0",19517,17032,13577,13957,13521,14257,17636,18651,17533,17845,24543,27745,34282,33443,34386,42373,49006,40892,34313,41861,38216,36985,32802,40796,50804,61496,59627
"1111B0",35182,29226,25580,26278,26854,27647,31263,38630,30770,37554,51849,69439,57993,58299,79252,84053,85582,72519,61841,58162,57882,59740,57928,58806,88798,101154,96979
"111200",14760,14784,14492,15257,15508,15586,16854,17409,16594,17019,18744,16594,16343,15168,16994,14376,20964,17767,19369,18039,18806,16580,16191,18505,18587,22753,21781
"111300",13617,12406,12216,12533,12317,12723,13951,16460,17300,17170,18979,18964,18771,20592,24385,26489,31868,31855,28273,29070,29958,28634,27885,26876,30896,26258,27180
"111400",13405,13683,14280,14502,14998,15718,16343,17254,17487,17975,18600,21120,20473,20688,21268,22026,22027,21338,22063,22663,19868,22996,23547,23784,26186,27511,28413
"111900",20816,19668,16875,15915,14894,14690,17346,19461,17715,18069,21180,23076,20069,23075,26642,27643,28810,26168,22727,23015,26575,24829,23444,25450,30340,33689,32287
"112120",21453,24601,23662,21031,25145,21055,21850,28100,27381,24143,36200,35599,25141,32170,40433,38013,41467,50524,36847,35439,38538,36132,41485,41313,42822,58630,47814
"1121A0",41305,37256,39343,44353,45407,41575,48524,54685,56216,56012,57358,55662,50399,58114,71891,78171,80012,93932,91752,80555,88052,90279,92823,88161,103962,124523,132577
"112300",22502,23251,23078,22016,24876,21351,23987,30226,29725,27297,33519,36090,32044,34982,35653,38743,44538,49589,50361,40117,44568,47160,40460,35781,46209,76873,64915
"112A00",16822,15914,16846,18472,18814,17764,20119,22301,22832,23159,23821,23570,22167,24389,29413,32280,33292,37620,35617,30872,33065,31739,31491,30004,34299,41336,43769
"113000",19358,22278,25483,20580,19951,21011,21264,23772,24417,24615,19094,16980,15099,18016,18958,15750,17492,20622,19524,18715,18803,19470,17429,20087,24594,26000,26757
"114000",6344,6371,6263,6111,6082,5712,6701,7282,6806,6733,6918,7811,7777,8811,9950,8379,8754,8426,7658,8208,8929,8409,8547,7586,9963,9990,9762
"115000",12797,13297,13618,12587,12983,12787,13460,14321,15414,16450,18545,19995,18421,18830,20267,22763,23584,27332,27552,24199,25650,25174,25017,26133,26901,29510,29826
"211000",98754,72923,85516,142980,142297,116711,165971,191023,249243,257415,276907,388369,227567,304698,372941,362616,412752,445747,241538,199796,253994,346639,316004,210508,421929,652942,478748
"212100",26413,26123,23111,23375,24565,23625,24274,27930,34532,39711,42771,50878,48540,50619,60115,54448,49561,47962,41430,32668,36917,39124,37690,27011,32958,46852,46283
"212230",4872,3879,3573,3936,3346,2957,3269,5009,6742,11916,12978,13043,9784,12499,14539,14020,13717,14592,12458,12062,13613,14120,13044,12819,18521,18818,16770
"2122A0",7075,6789,6025,6417,5668,6131,6928,9534,13585,14163,14521,16513,14677,19087,22547,22386,18069,16815,14364,15255,15940,15862,15716,17600,22179,22766,24322
"212310",8213,8412,8853,9449,10315,10827,11217,12487,15817,20334,19241,18817,16206,15745,16135,16193,15453,16007,16897,17358,16750,17484,19620,20188,21627,23698,25224
"2123A0",9802,10317,11488,11498,11196,10903,11705,12351,13601,14701,14989,16912,15733,14743,17547,17563,17586,20758,19290,17498,18631,20316,20026,18698,20592,23015,24309
"213111",7876,8536,5579,7980,10379,8364,10635,19335,28951,37897,40350,45243,26371,28573,26914,32694,30951,41460,34074,17970,27011,28573,29239,16217,8622,11741,13846
"21311A",14225,14873,11963,12908,18826,16466,18898,22392,32006,49023,54562,64792,46013,54123,71051,93496,97212,124302,101400,55108,79918,103452,106392,62747,61571,75822,89956
"221100",201044,209857,252375,285512,340648,236324,232956,233976,276751,289608,317239,367623,324425,379309,375426,367025,378850,406565,402733,385073,389428,422124,423128,400657,482438,556613,503221
"221200",55266,51910,55917,80877,98642,81189,102098,109229,130392,122425,123883,146063,100382,102928,96586,81660,92195,99995,75072,70662,69553,77506,78737,77108,94154,124433,117114
"221300",5747,6125,6525,6868,7231,7673,8137,8557,9086,9945,10509,11218,11719,12254,12897,12893,13307,14187,14521,14737,15137,15866,16102,16707,17571,18223,19941
"230301",84570,86649,89593,93729,97288,99780,102840,112998,124827,136029,142905,154206,149570,156769,166822,175278,182394,190236,191954,195548,201129,208626,217466,219303,245531,275494,287017
"230302",7637,14804,16298,22383,26043,32152,37611,46705,55770,63018,67320,63450,61793,62396,64226,68239,70528,72846,75867,79228,80563,77045,75774,81603,85809,79870,77105
"233210",22670,23020,23435,24540,24622,28152,30864,33012,35814,41131,46129,49337,48156,42570,42079,42986,41699,38773,38713,41086,45025,45521,49169,52534,52950,60253,68388
"233230",32007,34447,29901,32008,32219,17159,19428,20815,25706,29186,33387,50216,39646,30439,36046,36402,47468,51266,70201,69571,63523,65647,73099,68430,74132,113316,176533
"233240",29655,32933,38787,46081,48329,51088,47434,44528,47990,50872,73261,86103,89464,78254,74310,92767,89315,102833,108068,110982,102085,106696,117321,120491,119059,123611,132415
"233262",37950,42301,46173,52638,58700,61997,65185,66764,70488,76530,83622,89178,87350,79277,76831,66823,71895,72974,79846,87531,94786,102116,105814,104906,102380,111512,128618
"2332A0",92977,104529,114896,126216,130585,110752,106394,115581,123723,137522,156515,159353,110612,82403,83919,87148,90787,110168,126071,150130,160242,170459,181539,190908,193939,229539,245386
"2332C0",57461,59433,64070,71714,78040,79995,79349,81820,86923,94410,100364,104103,108517,109848,110026,111395,111991,116934,125445,128180,135588,146712,154447,156151,152460,163148,187756
"2332D0",67477,73457,77574,80608,74514,73907,75545,79051,80438,93815,113737,127834,111442,89871,83224,80814,82692,89407,99311,109623,114163,119282,127365,121466,108047,120731,140211
"233411",155068,180309,203046,217165,229433,245163,289971,353477,407924,387078,279970,166296,95031,105000,100049,122034,158357,181336,208611,231455,254640,275646,266568,293540,407354,432213,378571
"233412",24386,26766,28976,29591,32162,34469,36641,40661,49031,53741,51260,48496,33812,21158,20260,25877,36198,47152,60844,72729,75093,78771,83672,92755,105784,114698,136565
"2334A0",97237,100952,108866,117158,124857,135252,148148,162594,178460,190275,190474,177185,163354,158659,162663,165714,175477,190741,210533,232569,251129,265439,279929,307762,342757,370122,377338
"311111",8311,8528,8240,8455,9383,9992,10356,11365,12414,12975,14135,16705,18547,18493,18558,20087,21580,22339,22414,23399,23289,23896,23737,25111,24959,25620,26641
"311119",18264,17177,15390,14928,16223,16455,22538,19270,19242,19788,23373,29825,28761,27260,32473,35393,36451,34667,33906,32071,31691,33787,33353,34926,41171,42276,43836
"311210",10997,10158,8905,9006,8475,8877,9635,10322,10392,10772,13357,17115,17148,16416,19776,20216,21086,21482,19474,17146,16417,17013,17888,18451,19646,22219,22023
"311221",8281,8004,7805,7539,7839,8252,9040,9927,10564,10723,11776,14179,13907,12264,11689,12879,13685,11522,10243,9611,9747,10320,10120,10110,11710,13259,13151
"311224",14839,13638,11726,10816,11758,13606,17145,18465,18458,17924,21200,32312,28704,28760,34654,40408,39658,38001,37368,38186,33186,34835,32345,36268,43914,49651,49242
"311225",7323,7458,6670,5831,6159,7170,7534,10194,9776,9296,13064,17831,13199,12387,14751,16524,15077,13702,11089,9516,9494,10372,10533,9948,13935,15744,15612
"311230",8945,9642,10809,11013,11374,8879,9906,10476,10677,9707,9885,10791,11261,10494,10473,10907,11190,10098,10085,9873,10141,9902,10042,10098,10231,11593,11491
"311300",24253,25332,25040,25736,25325,25196,26021,26377,28511,28404,27033,26349,27926,30985,31596,32988,33290,32663,34445,36733,37054,36549,38382,36796,39477,40596,42273
"311410",20027,20585,20665,21631,22212,21925,21928,21918,23321,24776,25045,27145,27915,29638,28076,30339,31291,32175,32439,32268,32477,32942,33199,34402,35777,36796,38305
"311420",27044,27994,28675,28937,29871,31736,30155,30175,30299,30564,34921,35871,35239,32507,31800,33142,34652,34133,34554,33618,33528,33055,33838,35946,34900,35834,37660
"311513",19768,21888,21657,19131,21054,21376,21879,24708,25836,24166,31867,34492,28291,36649,42042,40857,43520,49845,45197,45141,47880,47107,52964,58995,56815,61417,60871
"311514",9115,9028,8883,9477,9854,9326,9231,9528,9460,9563,13472,16038,14358,17517,21666,25766,26080,28291,24919,23393,23878,23616,23568,22034,23596,25605,25398
"31151A",23098,23456,23553,23995,25677,24858,26020,28052,29249,28812,33738,34956,32000,35572,38649,37782,38979,42182,43153,43823,43864,45233,46565,47104,48557,52545,52070
"311520",5726,5785,5370,6207,6615,8057,7117,7643,8608,8425,8597,7536,7432,7112,6868,6825,7222,7803,7617,8499,7789,8123,7960,8589,9516,10306,10237
"311615",31314,32182,31863,31946,34075,37043,38369,42917,47032,45097,49178,52089,51928,51370,53290,57900,62261,63540,63809,64485,67566,64087,65161,68025,76531,80653,78711
"31161A",78167,73865,76480,84546,88003,82165,91585,94933,98986,100588,107397,115348,109982,122517,139312,140713,143114,156682,153529,146642,148693,149943,153445,158845,188393,198528,193754
"311700",6572,7115,7489,8165,8512,8439,8440,8923,9725,10467,10296,9708,10342,10114,10571,10713,11105,12111,13275,12706,13837,13795,14278,13388,14641,15460,15163
"311810",26539,28396,29254,30868,31014,30125,28139,30799,32640,32774,33109,34871,34931,34527,36107,36996,39613,40805,42564,44710,43201,42104,42840,43121,46327,47670,49397
"3118A0",17097,17400,17651,17258,17911,17729,19255,19451,18963,18943,20690,22491,23082,23992,25145,27168,27145,28332,28230,28041,26568,26824,28971,29762,30437,31326,32510
"311910",13726,15332,15520,15855,15826,17175,18698,18729,20529,21841,23775,25431,25546,26626,28656,30856,32237,35177,36454,37934,38990,39109,39565,40618,40394,41541,43106
"311920",7842,7571,7382,6462,5110,5476,5735,5754,6183,6921,7737,8649,9176,10478,12644,13041,11904,13557,14072,14074,13798,12583,11852,12294,12595,12944,13475
"311930",6536,6862,7429,8038,7924,8210,8663,8245,8015,8372,9125,9228,9134,8970,9616,8781,8855,10340,10075,10586,11796,11474,11881,11862,11542,11887,12344
"311940",9857,10567,11318,11129,10237,11062,11768,12584,13107,13685,14054,15082,15963,16601,17277,18937,19716,19432,19067,19723,21767,22411,23923,25096,26395,27162,28245
"311990",10895,11325,10609,11518,11897,14700,16692,19660,20009,21342,18771,20140,20552,20321,20799,21978,23725,25110,27288,28511,29832,29824,30885,32276,36264,37364,38769
"312110",30825,32169,32753,33549,34777,33279,35098,38710,42301,41129,44802,44687,42228,41778,42240,45868,46650,48742,50233,47521,45037,44229,46151,45846,46345,48079,49108
"312120",21173,21088,19864,22328,21063,20949,23467,23270,23698,24486,24118,22745,27173,28802,29834,31263,34818,33903,34055,34362,32469,33624,32775,29879,33220,35048,36857
"312130",7225,7271,7309,8403,8898,9744,9507,9840,10930,12065,13181,13768,15865,15193,16068,16552,16667,19227,20822,22419,22074,22041,22863,21137,25092,25770,26505
"312140",6158,6043,5826,6618,6170,6718,7596,7812,8526,8975,10205,10608,11179,10654,11906,14520,14541,15077,15500,15304,16287,18707,20339,19445,21791,23016,23547
"312200",51868,54290,53880,57648,63089,50067,48143,49928,53520,55009,52577,52648,60660,62317,59450,56476,55718,52191,55709,62207,60770,58934,58406,60694,62120,77563,89506
"313100",12857,12712,11949,11333,10063,10677,10150,10680,10622,9693,9318,8317,6081,6896,7535,7727,7959,7944,7630,7078,7085,6984,6559,5498,6255,6414,5988
"313200",29908,29772,27898,26120,22782,22322,21257,19675,19379,18283,17272,15653,13497,15040,15676,14812,15243,15054,13560,13372,13275,12953,12645,12212,12973,13330,12548
"313300",15782,15064,14454,14244,12799,12297,11201,10578,11219,9749,9217,7545,6192,7642,7900,7418,7837,7674,7350,6959,7037,7809,7638,6804,7300,7497,7067
"314110",11670,12250,12287,13527,13288,14071,14192,15069,17043,16230,14801,11686,8943,7796,8988,9074,9386,9878,9834,10042,9757,9174,8582,8021,9028,9380,9044
"314120",8089,7478,8500,8797,7761,6563,6238,7378,7502,6349,3925,3585,3011,3181,3462,3639,3559,4274,4345,4116,3508,3593,3689,3455,3839,3974,3846
"314900",10826,10390,11486,11039,9957,9452,9298,10324,11295,11376,9911,9727,8659,9269,9325,9132,9623,10433,10059,9912,9041,10205,10783,10000,11304,11790,11431
"315000",71188,64559,62061,58761,50009,43713,37764,32078,32459,30032,21250,17491,14621,15442,15801,12238,12113,11949,11616,11272,10877,10312,10844,9612,9972,11303,12767
"316000",16010,14484,13895,16559,8749,7128,7116,7104,7786,9147,8583,9203,9766,7829,9104,7005,7290,7050,6838,7239,4834,6624,6488,7355,8083,8588,11077
"321100",29229,28425,30691,29097,26764,26861,27491,31283,33682,33172,27937,24548,19179,22124,22161,23400,26996,28774,29435,31137,33015,34663,30261,36777,47116,49557,48887
"321200",18651,19983,21783,21325,19644,20118,21520,24727,26483,25623,21694,18196,12738,14090,14129,17139,20125,20637,21021,22300,24572,25273,22929,25233,36739,38683,38323
"321910",18718,19843,21811,22840,22152,22539,23771,26983,28397,29939,27950,23480,17073,18018,17851,20572,22868,25199,25406,25122,25652,27636,27298,29057,35762,37692,37495
"3219A0",21958,23583,23832,21276,18940,20491,19471,22681,25987,25580,25263,22616,16879,17651,18790,19288,19964,22057,23945,24651,25216,32786,31893,32390,43327,48225,44003
"322110",3295,3145,3116,3692,3239,3535,3775,4023,4020,4261,5078,5412,4538,4882,5839,6010,6367,6695,6643,6318,6825,6174,6246,5640,6692,7051,6966
"322120",48244,47571,48844,50394,46405,45607,44318,46202,50300,51827,50144,52967,47130,47559,48460,47054,47288,45825,43297,38840,37742,38836,40082,34108,34792,38012,35409
"322130",20437,21239,21653,23702,22293,21305,20261,21172,20956,23485,25374,25224,23094,27234,28268,28378,29652,30569,30739,30359,32836,33146,31217,29094,33848,36147,37302
"322210",39259,42424,43277,46883,45065,42748,42375,43631,45011,47272,49525,50447,46444,49212,51482,52792,57471,59620,59944,61184,64739,66915,66310,66412,72644,74830,75000
"322220",18999,18858,18891,19046,18363,17885,17796,18164,19356,19677,21251,21140,18504,20187,20156,21059,20658,20833,21445,21260,21468,22429,22304,20560,22891,23168,22980
"322230",7506,7568,7598,7869,7817,7580,7274,7305,7620,8095,7831,7579,6552,6149,6384,6772,6753,6459,6320,5797,5692,5603,5812,4906,4942,4996,5023
"322291",7855,8455,7765,7420,7246,9432,8744,7971,8050,8207,10279,10350,10307,9940,10864,12114,11615,11645,11709,11597,11391,11868,13283,13658,13637,13835,13654
"322299",3666,3923,4456,4681,4556,4310,4206,4515,4740,4734,4749,4255,3998,4247,4238,5058,5042,4271,4404,3936,4605,5237,5688,5944,6986,7074,7021
"323110",91307,93715,96701,100122,97635,93986,90118,90988,93563,95497,97930,93727,79571,79425,79820,79191,79362,78816,78851,82693,80732,79959,77986,71355,75069,83358,83382
"323120",7056,7326,7130,7067,6455,5753,5338,5330,5410,5276,5577,5436,4469,4372,4412,3891,3993,3833,3559,3437,3197,3253,3170,2935,3083,3413,3412
"324110",157045,116787,141939,213041,198230,192553,222598,299561,431366,501298,571553,696804,448325,569435,772555,784404,787247,723158,456936,388980,494678,620926,549378,311078,558693,869545,700089
"324121",5984,6425,6003,6601,6648,7549,7935,8158,8629,11990,12183,12652,11429,12516,12153,13242,12745,12950,13529,12652,13228,13906,13999,13864,14823,15317,14948
"324122",5033,5290,5174,5565,5326,5935,6605,7710,9024,9170,8369,8960,9040,9439,10247,10573,10355,9221,9201,9930,10884,10774,11407,12032,14261,14737,14388
"324190",7764,8152,7369,7793,7849,8211,8859,9540,13106,14445,14329,15136,13639,16332,22007,24957,23317,22108,20714,20140,20004,23270,22914,17326,21022,25261,28307
"325110",19016,12925,19634,22120,14870,19593,25192,41252,52983,64622,76494,76937,50802,75548,84421,81126,80940,72457,50609,51799,54211,58882,49411,37734,69660,76350,76192
"325120",5570,5954,5440,5119,5281,6089,6843,7234,7774,8551,9299,10113,7312,7018,6780,6961,7514,7602,7272,9244,9599,8289,9192,10525,11320,12383,12400
"325130",6552,6513,6231,6420,5873,6453,6410,6412,6827,7080,8123,7782,6162,7259,7739,9232,9043,7492,7003,6452,6982,6161,5736,5454,5630,6259,6369
"325180",20961,26971,21659,20520,20938,20011,20115,21205,24082,25767,30105,30303,26460,32962,34742,34733,32485,31382,31754,30489,31504,36553,34074,29717,33826,37151,37268
"325190",60232,54719,54936,55460,54181,56408,60866,69341,76327,86098,98747,109490,77799,102796,131786,140444,144262,139316,119710,111530,116361,120951,108830,95450,128738,141713,142062
"325211",45644,45198,46742,51835,45592,47078,50734,59810,73606,75882,84642,82372,61905,80478,84411,91304,95225,97203,85839,83336,88717,95702,83718,76996,99000,109258,109744
"3252A0",19433,18449,17222,16381,14642,13394,14076,14110,15410,15614,15953,15655,11647,15582,17899,18138,17615,16266,14697,14424,15155,15141,14486,11464,12874,14322,14579
"325310",12538,12769,10332,10125,9750,10155,11151,12678,13582,13687,17603,23582,19738,20365,23474,26231,28197,26030,20347,17934,17159,17886,20375,20168,25682,29444,29261
"325320",11432,11286,10289,9538,9126,9034,9824,11184,13732,13689,11138,12252,11301,10531,11185,15048,17779,15739,14967,15104,14906,15350,14084,14753,16588,19035,19004
"325411",12479,13868,12782,13556,13041,13534,12240,12027,11223,11293,13947,12208,12904,13286,14644,14774,15686,14673,15198,16094,15008,16136,17078,17675,19705,22537,25776
"325412",70901,80669,88209,95974,108307,124818,131686,137735,147371,158625,163819,163085,153319,154410,162236,149498,172800,187788,193830,194606,186428,206355,208149,209046,211700,238213,259210
"325413",9240,9731,10707,11520,12336,8668,9585,10635,11029,12046,13032,12464,11377,14240,13996,14721,16133,15589,16484,16004,17623,16470,17387,20310,21306,24317,27476
"325414",6337,6987,7003,8086,8533,9528,10793,12369,14296,19370,24120,24104,26667,25953,24685,28619,28813,27582,31817,33348,35968,32409,45579,48847,59970,68176,75486
"325510",18751,19462,19545,19880,20079,19979,19873,21666,23198,23692,23262,21957,19203,21162,22263,24012,25847,27373,27954,28321,27867,27422,26590,26400,29272,31573,31808
"325520",7279,7296,7891,8138,8244,7471,7925,8308,9062,9676,10442,10855,9790,10724,11398,12060,12091,12830,13031,14321,15044,15607,15103,13965,16908,18217,18304
"325610",28476,27340,25759,26731,26159,29386,29065,32903,37321,37931,46449,42693,43770,43425,47322,45737,39577,40462,39142,37518,39633,39143,41554,39910,40841,45010,45182
"325620",23330,24139,25543,28081,30122,32579,29069,30914,33129,35160,37363,36066,31387,33776,36163,35754,39368,40902,43096,41994,43256,49639,49179,42713,42854,47043,47268
"325910",4123,4448,4822,4861,4805,4441,4200,4588,4908,4855,4850,4629,4159,4766,4962,4896,5252,4980,5046,4678,4286,4770,4608,4302,4072,4498,4522
"3259A0",35342,33627,35753,40417,34872,32803,32007,32295,34915,36664,39379,39203,35658,41415,42735,40741,41485,42709,41978,40515,42943,42531,40596,38813,42921,47213,47477
"326110",24488,25048,26401,27089,26315,28042,28396,28495,31955,34217,34000,34426,29569,33136,35539,39394,41755,41739,40703,38906,39233,41119,40095,40025,43996,48428,47605
"326120",9213,9184,9415,10175,9745,10855,11473,12669,14893,16371,13810,13494,9611,11396,12658,15384,16650,17966,17573,18266,18809,21271,20932,19772,25001,27511,27024
"326130",3199,2827,2742,2732,2454,2212,2380,2363,2561,2644,3726,3595,2613,2971,2902,3543,3564,3954,4005,4477,4466,4156,3992,3659,4018,4428,4355
"326140",4933,5549,5965,6381,6559,6287,6447,7037,7820,8301,7759,7867,7355,7593,8047,8300,8686,8159,8392,8329,9865,9124,9551,8674,10245,11287,11085
"326150",6703,6641,7600,7404,6796,6946,7181,7752,8632,10225,9640,9511,7008,7799,8468,9433,9829,10353,10512,10644,10936,11640,11731,11450,12917,14194,13974
"326160",6369,6969,7291,8036,8275,8017,8278,8449,9429,10079,11847,11974,10777,10745,11718,12337,12242,12658,11961,11107,11131,11910,11970,12243,14418,15874,15591
"326190",69421,72537,78048,81641,77389,78855,79484,82289,87828,92024,88258,82493,69175,76335,78786,83600,87726,92667,96500,98000,99640,107012,106818,101322,118925,130840,128613
"326210",15749,15385,15072,15694,14506,14540,15085,15735,15975,16249,17422,16901,15668,17240,21472,21095,20384,20515,21231,18750,20044,22258,21295,16812,20515,24755,24672
"326220",4347,4308,4619,4342,4028,4081,4003,4156,4379,4395,4394,4406,3677,4315,4836,5288,5279,5225,5275,5135,5363,5849,5541,5231,6181,6817,6684
"326290",14570,15115,15402,15579,14321,13615,13505,14011,14701,15302,15406,14272,12381,15084,16589,18112,18268,18234,17945,17777,18274,18428,18371,16090,17561,19306,19008
"327100",9758,9605,10064,10727,9549,9081,9028,9249,9802,10208,9772,8482,6596,7719,7709,7239,7702,8119,8191,8920,8151,8849,8746,7782,9444,10248,10515
"327200",22612,22612,23361,24246,22771,22485,22116,22606,23372,23815,23671,23417,20374,20884,22093,23582,24121,24505,25488,26163,26375,28455,28354,26701,27079,29477,30256
"327310",6429,6813,6863,6994,7333,7368,7501,8308,9283,10339,10357,8940,5727,5191,5339,5904,6705,7218,8156,8480,8362,8767,9005,9360,9394,10190,10494
"327320",16935,19130,20314,20759,21327,21493,22451,23387,26844,31380,34779,27714,20405,20205,19333,20751,21536,24596,27865,30341,31698,32329,33068,34419,37500,40819,41645
"327330",4416,5409,5916,5999,5926,6220,6407,6800,8099,9178,9009,6987,6316,6048,5780,5668,5840,6134,6360,6634,6451,7277,6936,6913,7847,8506,8714
"327390",5848,6770,7416,7990,8369,8950,8432,9401,10541,11699,12077,12099,8782,7722,7698,8650,9578,10714,11312,11858,12546,13308,13592,13897,15029,16321,16685
"327400",5425,6508,6870,5972,4868,4964,5341,6291,7747,9069,7507,6466,4435,5190,5338,5971,6756,7347,7531,7499,8117,8462,7928,8186,9629,10485,10700
"327910",4636,4702,4391,4124,3382,3488,3592,3806,4109,4454,4453,4370,3441,4461,5071,5298,5369,5938,5455,5333,4847,4520,3781,3352,3581,3897,4033
"327991",1289,1370,1628,1772,1881,2366,2465,2737,3093,3469,4426,4119,3223,3481,3707,3640,4041,4174,4303,4387,5026,4901,5300,5359,6359,6896,7048
"327992",2357,2201,2266,2307,2212,2080,2438,2122,1909,3120,3160,3455,3457,3854,3868,3564,3980,4295,3964,4008,4363,4103,4115,3649,3912,4252,4371
"327993",4397,4529,4742,4778,4766,4893,4824,5322,5733,6192,6001,5360,4656,4812,5256,4914,5666,5825,5983,6259,6297,6209,9717,9545,10976,11939,12168
"327999",1768,2006,1881,2054,2045,1881,1965,2349,2694,2875,3273,3016,2625,2789,2871,4111,4484,4532,4264,4963,5086,4234,4531,4461,4610,5020,5140
"331110",58532,57089,52937,52256,45095,47199,48700,76584,82502,92640,101969,126701,64241,95738,117843,112953,108033,108851,88133,76209,88122,105428,93180,74639,120634,143050,141825
"331200",18373,18739,16741,17222,14936,15021,14291,17897,20413,19981,22387,25676,15112,22661,26348,25894,25071,25952,21845,20311,22956,26591,25654,22605,30275,35868,35610
"331313",7503,7495,6868,6926,6038,5732,5591,6872,6561,8010,7845,8171,4427,5771,7052,6511,6026,5585,5809,3455,2796,3167,2941,2273,2676,3009,2872
"331314",3547,3462,3380,3504,3086,3520,3524,4058,5287,6632,7770,7169,3272,4894,5628,5780,6097,6403,6129,5439,5895,6537,5677,4650,7117,7960,7624
"33131B",21383,20976,20597,20961,19040,18841,18006,20839,24218,26818,25908,24504,17602,22485,25405,25358,26452,27194,25850,25301,26965,31932,29482,24650,31316,35066,33518
"331410",9487,9027,7935,6319,5579,5026,4737,6314,7294,12007,13567,13522,12086,16984,18999,14859,15123,14437,10724,9081,10255,12067,12100,11353,15589,17437,16662
"331420",9770,9707,8963,9531,7665,10024,10139,13237,15610,20704,25570,23366,14286,21709,25826,23330,23656,23237,19716,19422,21941,23052,22000,22165,31442,35097,33570
"331490",10174,10288,9145,9106,8296,7115,6905,7564,9570,12397,18203,20041,13538,17988,23239,22798,21127,20500,18112,16160,14056,14570,15161,12641,13160,14927,14104
"331510",18021,18034,18544,18492,16787,15246,15031,17169,19232,21046,19311,18816,13912,16704,18932,18902,18642,20055,18240,16279,17116,17599,17102,14325,16284,18419,19233
"331520",11507,11840,11546,11420,10457,11492,10807,11352,11849,12882,13891,12381,8735,10778,12243,12834,13135,13559,13832,12765,12784,13643,12656,9921,11017,13838,13849
"332114",3259,3417,3556,3692,3376,3989,4472,5700,6534,7171,8051,8962,5981,7067,7784,8342,8136,8539,7581,6935,6791,7990,7801,6267,8361,9237,9412
"332119",12970,13410,14129,15228,12672,9877,10079,11491,12711,13321,12751,13730,10278,11624,13138,11913,11897,11805,11613,10503,11231,12301,12200,10829,13009,14372,14663
"33211A",8172,8762,8334,8473,7918,7433,7193,7957,9097,10408,12436,12643,9843,10919,12828,14316,14409,14782,13700,12835,12963,13830,13411,10290,10646,11921,12191
"332200",11728,11756,12066,12178,11145,11137,10786,9903,10547,10661,11464,10171,9946,10943,10939,9753,9888,9756,10067,9645,9469,9228,9255,8654,9534,9886,10068
"332310",23841,25520,26627,27734,26592,27992,26875,29286,34280,39731,45533,50742,38560,34985,37266,40344,41391,44975,46057,45211,46780,50290,51764,48104,57525,64582,64043
"332320",29963,32035,33676,36591,35296,31901,31514,34584,38173,41350,43745,44411,34443,33373,34895,36421,36838,38882,40569,42400,43517,45283,47360,46611,53699,60210,59652
"332410",3996,4161,4108,4228,4311,3810,3595,3631,4349,5549,5870,7248,5717,5674,6678,7012,7676,8457,8171,7457,7149,7712,7040,6193,6400,6277,6046
"332420",4707,4782,4907,4704,4553,4791,4913,5234,5972,7908,8695,9063,6227,5808,7187,9406,9543,10069,9303,7653,8393,9680,10030,8506,9047,8885,8541
"332430",14056,14501,14084,14054,13759,14723,14578,14909,15483,15892,17157,18228,17564,18493,18875,18850,18515,19035,18395,16961,17958,19135,19582,19409,21804,21195,20343
"332500",10926,10967,11405,11971,10856,10199,10001,9884,9859,10041,9248,8334,6492,6584,6836,7317,7619,7966,8229,8341,8652,9158,9133,9156,9685,10889,10771
"332600",8432,9325,8909,8896,8258,8625,8436,8525,9056,9011,9150,9136,7376,8014,8225,8446,8550,8638,8929,8868,9205,9620,9332,8473,9443,10606,10494
"332710",26914,27214,28161,30803,29613,26842,26677,29280,32556,36313,37175,39477,30415,33855,39592,39903,40401,41423,39050,39948,37942,41869,40795,36860,40585,45646,45185
"332720",16344,17211,16667,17060,15390,16336,15787,16773,18885,19976,24279,24969,18560,21427,24410,28023,29112,29178,28726,27806,29585,31227,31267,25867,28007,31550,31178
"332800",18241,19299,19532,20700,19567,19330,18838,20632,23238,24889,26840,27808,20449,24337,27170,27230,27843,29070,27001,25365,25934,28955,29246,25184,30122,33687,33278
"332913",3394,3514,3257,3332,3144,3350,3141,3261,3242,3879,4383,4391,3484,3178,3078,3509,3928,3947,4213,4683,4858,4785,5050,5139,5418,5906,6212
"33291A",19006,20028,18596,19255,18465,17684,17524,18227,20062,22386,24360,25516,20688,24584,29375,28416,29409,29618,28022,27212,26088,28189,27888,24759,26729,29282,30812
"332991",6078,6128,6029,5993,5109,5703,5896,6542,7116,7521,7489,9678,7197,7534,8835,7017,6608,7033,6885,6337,6199,6692,6208,5105,5479,6221,6177
"332996",4111,4178,4255,4588,4650,3810,3629,3889,4773,5597,7346,8432,6220,6189,7515,8174,7981,8105,7602,5988,6199,6977,7118,5616,6454,7269,7198
"332999",12370,13025,13685,14543,13383,14097,14052,13231,14493,15741,18300,15403,11076,10342,9591,14559,14854,15277,15315,13807,13884,16263,17272,16540,18571,20825,20594
"33299A",5173,5262,5212,5032,4424,5178,6243,7270,7456,9299,8490,9414,9844,10683,12640,14129,15839,14087,13547,14985,13483,14048,15750,19271,20834,21732,24759
"333111",15779,16288,11408,13271,13525,14044,14875,17014,19630,19526,21280,24406,23094,21340,24610,34784,38898,39769,31005,24446,25071,28364,30120,28931,35712,37216,29975
"333112",4011,4861,4836,4842,4381,3605,3708,4318,4549,4035,7134,5243,4437,5418,7433,7724,8174,8390,8847,7799,7948,8050,8601,7627,8397,10342,11039
"333120",21007,22002,21245,21839,18732,17113,18791,23879,31047,35839,33412,34334,21304,28085,35831,40270,34956,38094,30480,28683,32502,31825,34426,27699,31806,40867,46878
"333130",8400,8484,6734,7510,7554,6861,7324,8330,10317,14505,20647,23891,19551,20609,24883,32793,32332,32490,21943,16052,17590,20253,18533,14740,14705,17690,20525
"333242",10989,10526,12750,20047,13060,9937,9482,11995,11837,15105,14599,10298,6423,12174,12036,10322,9515,7815,6539,6910,8838,9033,8810,9016,10756,12888,12745
"33329A",25766,25096,24775,25932,23285,20842,20173,20588,22071,23513,26175,27025,21821,21757,25926,22788,23927,25985,26618,28637,31457,28364,28403,27471,28284,33887,33406
"333314",3331,3327,3696,3565,2918,3197,3313,3331,3582,3986,4471,4995,4723,4920,5157,5446,5156,4727,5014,5184,4912,5363,5347,5813,6598,6866,7102
"333316",7952,8276,7981,5305,3626,2019,2047,2223,2359,2601,2419,3318,4310,5322,6826,2470,2349,1921,2049,1901,1645,1478,1214,1035,1223,1285,1337
"333318",15221,15642,16067,16826,16236,16775,15708,16250,17321,18696,18343,17683,15604,16110,17643,19205,18847,21343,21613,20880,19853,19863,19487,18104,20625,22475,20663
"333413",4072,4125,4109,4207,3855,4018,4023,3949,4249,4733,5534,5971,4769,4735,5274,6120,6255,6415,6467,6667,6037,6904,7060,7064,7415,8368,9057
"333414",3758,3731,4048,4273,4026,3855,3951,4277,4761,5105,4954,5088,3642,3679,3990,4957,4657,4422,4484,4196,4461,4398,5065,4641,5116,5821,6297
"333415",22930,24875,25992,26160,24657,23808,24054,25282,28351,29050,30277,29846,27155,28035,29801,30473,31554,31186,33042,32804,33272,32733,33642,33611,35846,40654,44005
"333511",5532,5426,5592,5938,4965,5641,5452,5393,5758,5850,5784,5592,4414,5109,5656,6317,6364,6394,6370,6072,6598,6837,6345,6112,6803,7160,6952
"333514",8375,8508,8390,8762,7372,7118,7164,7208,7910,7955,7818,8105,5763,6756,7822,7503,7828,8310,8470,8385,9475,9338,8747,7841,8814,9331,9061
"333517",7674,7025,6711,6790,5643,4203,4018,4288,4991,5612,6599,7218,4698,5385,7099,8117,8211,8421,7999,7065,7895,8355,7903,7524,8395,8931,8662
"33351B",9475,9623,9434,10056,8665,8360,7712,7888,8269,8416,8382,8642,6141,7266,8202,8690,8345,8716,8597,8183,8996,9671,9476,8247,9293,9883,9607
"333611",6800,7153,6967,8525,12490,14128,13286,6681,7108,6708,9585,9809,11894,10715,12100,17061,15050,14818,15383,14560,13001,10314,10318,10044,9506,9774,10421
"333612",2391,2450,2481,2510,2142,2031,1980,2001,2177,2487,3455,3719,2815,3036,3670,4889,3951,3792,3581,3069,3175,3816,3554,3054,3428,3740,4043
"333613",3135,3293,3194,3374,3052,2712,2497,2765,3041,3231,4181,4377,3182,3576,4355,4430,4414,4290,4509,4508,4976,4627,4803,3917,3872,4223,4572
"333618",19170,20549,22767,21575,19550,18463,20428,23568,26430,28280,25507,24953,16594,20721,27658,28242,25928,29058,27608,22802,25656,30345,27576,20584,24952,26879,29138
"333912",5411,5134,5443,5960,4986,4207,4460,5211,6594,7950,9436,9708,7908,8304,9094,10113,10311,10863,9711,8231,9162,10518,11084,8290,7842,8443,8379
"333914",7856,8708,8434,8733,8215,7758,8692,9170,10166,10512,13426,14095,12411,12772,15124,16256,16670,17453,16722,15840,17531,17895,17701,15622,15999,17100,17042
"333920",16341,17416,18212,19617,17828,15064,15850,18063,21563,24441,27383,26855,22613,27850,29750,30450,28278,29579,28327,28805,30387,32009,32592,28966,33333,41520,46139
"333991",3412,4384,5109,7824,6162,3431,3123,2816,2722,2002,2430,2599,1866,2130,2547,3876,3719,3277,3162,3040,3362,3791,3869,3687,4063,4297,4344
"333993",4760,4825,4657,4665,4198,4103,4084,3824,3930,4132,4335,4815,3928,4440,5188,5665,5758,5806,6147,6902,7012,6761,7085,7110,8222,8690,8738
"333994",3493,3254,2953,3173,2844,2605,2499,2325,2518,2495,2416,2621,2082,2328,2734,2743,2709,2793,2828,2686,2653,2745,2821,2466,2645,2786,2816
"33399A",15345,15066,14584,15413,13856,15124,15408,16345,17787,18414,17715,18832,14805,16974,19244,21471,22257,23698,23118,22808,23128,23560,24421,22441,25087,26679,26779
"33399B",6704,7428,7341,7839,7056,5794,6062,6736,7820,8466,9162,9881,7393,9107,9437,11377,11119,11185,11303,10605,11674,12468,12128,10522,11491,12238,12241
"334111",63801,67143,67430,71669,60174,52393,48388,43724,44574,47976,48288,47433,38967,23998,12566,12702,10896,12912,13919,18837,19053,19611,17909,19669,20153,23830,24136
"334112",14632,15758,14163,13945,10815,8620,9166,7462,8994,8993,9164,8527,6433,8397,8980,9043,10236,8737,8112,7807,5300,5981,6839,5275,5313,6016,6301
"334118",27924,28871,27706,28326,20330,16224,14489,16211,17010,20087,15691,15768,11676,11515,13530,12991,12324,10467,9851,9583,8763,9463,8170,8122,8873,11557,12906
"334210",42518,46755,58717,70092,58617,33774,27572,24924,24340,31699,23723,12560,11803,13347,13190,12376,12866,11812,11888,9092,7913,7676,7579,5167,5677,6171,6219
"334220",42173,41355,42079,56705,51471,36688,39782,40831,40230,43686,46010,47842,37024,36504,35151,35354,36629,33133,33937,31178,29742,32582,32420,31508,31575,34704,34643
"334290",4721,4821,5253,6210,7451,6639,6003,5007,4928,6125,5994,5591,5362,6762,6767,6632,7149,7562,6635,5510,5456,4761,4810,4561,4775,5283,5373
"334300",10169,10684,8500,9384,9479,10041,10049,12635,13142,12948,14357,7954,7128,4213,8047,3021,2938,2955,2913,3625,3122,3053,3075,3930,4583,4978,5629
"334413",81434,77283,86116,93882,65489,65472,71891,77598,81187,75612,78403,73212,56378,66279,68239,57154,56278,59527,61144,62449,64242,62484,63119,67719,73691,78379,78252
"334418",27494,25613,29779,36652,30092,24335,24414,22640,23383,23361,24249,23911,18349,21429,21661,19556,20428,18523,19257,17198,20054,22221,22846,22485,24138,27234,27935
"33441A",35856,35352,36964,43308,35642,28498,27342,26855,27585,28669,31604,31359,24941,27648,30067,30869,30665,31223,31426,29464,30097,30915,30784,31004,32579,36533,37499
"334510",12059,12813,13216,14135,14277,16070,16752,17254,18872,19930,26236,25628,23014,24869,25020,28694,29093,28455,28956,30826,33529,36169,38012,36947,37097,39322,39880
"334511",38992,37914,37221,39078,39445,36299,37233,43613,42473,44158,51159,54378,52481,53511,54594,51360,49203,47146,46564,50970,53880,53848,55930,59673,58084,58251,58930
"334512",3212,3346,3260,3457,3102,3289,3109,3046,2622,2703,3399,3262,2680,2927,2817,2748,2922,3134,2946,3194,3199,2681,2479,2290,2394,2448,2474
"334513",8610,8343,8254,8674,8006,7709,7697,8126,8353,9329,10268,10571,8625,9032,10337,12097,12051,12268,11578,10468,11478,12485,12312,11934,12978,13315,13534
"334514",4053,4143,4580,5007,4663,5013,5144,5662,5508,5267,5843,5978,5194,6028,6689,6909,6024,5696,5761,6070,5914,6179,5207,5114,4441,4615,4601
"334515",14729,13936,14528,16741,13091,10687,10898,11975,11851,12305,13386,11763,8952,10141,11009,13351,12532,12072,11349,11083,12045,13800,13575,12595,12085,12454,12476
"334516",7309,7811,8332,9190,9195,8916,8567,9204,10100,10921,13735,14984,13263,14314,14621,14606,14391,17062,17220,16985,15909,16935,16547,16310,18097,18810,18971
"334517",4478,4519,4228,4763,4587,4270,4005,5402,5815,5433,5697,4634,4311,4216,3871,9405,10862,10661,10494,9825,9532,7663,8087,7594,7455,7944,7939
"33451A",7045,7371,7706,8723,8667,7557,7312,7788,8667,9843,10288,10707,8850,9098,10841,12377,12430,12080,11101,10988,13206,16359,16199,13869,13739,14266,14283
"334610",9915,10890,8609,8770,8148,7730,8102,8215,8074,6908,6869,7089,4774,4592,3658,3006,2638,2509,2403,2375,1868,1760,1350,1248,1878,1994,1983
"335110",3267,3315,2928,3032,2456,2582,2538,2447,2367,2138,2085,1997,1883,1914,1681,1818,1737,1558,1067,1123,1502,1606,1266,1063,869,935,1002
"335120",9480,10100,10606,10338,10174,9756,8940,9334,10070,11013,11281,11450,8909,8487,9877,10190,10309,10575,11042,11601,11976,12052,12041,10595,12360,13172,14122
"335210",5433,5368,4627,5176,4536,4397,4327,4340,3741,3650,3567,3303,3333,3002,2906,3448,3286,3302,3542,3194,3604,3660,3502,3485,3734,3770,3734
"335220",15023,16087,16596,16734,16042,16206,16959,17757,18924,18565,18137,16726,14210,14542,14681,16036,15819,16690,17376,18236,19058,19457,21059,21565,24256,24757,24529
"335311",4807,4668,4511,4838,4146,4149,3896,3605,4138,5065,7463,7352,5847,5568,6066,5899,5755,5835,5333,5247,5348,5954,6522,6100,6338,7040,8044
"335312",12099,11497,10738,10061,9331,9190,9368,10270,11419,12117,12409,13851,10362,10292,11529,11446,11138,11572,10912,10558,10294,10858,12201,10860,12001,13268,15162
"335313",7555,7863,8487,10025,9347,7990,7845,8016,8177,9230,10522,11147,10093,9882,10695,11047,11885,12119,11666,11638,12107,12554,12826,12856,15748,17396,19904
"335314",11239,11340,10886,10927,9677,9148,8462,9249,9295,9886,11112,10578,8825,9219,9854,10024,10357,11226,11097,10521,10671,10470,10368,10216,9897,11022,12575
"335911",4523,4337,5011,5053,4176,3832,3541,3497,3813,4206,5706,6375,5311,6006,6714,6533,6579,8159,8323,7893,7508,7623,7329,6221,7707,9228,12051
"335912",2448,2702,2819,3021,2840,2928,2820,2543,2863,3222,3089,3298,3734,4455,4908,4548,4008,3654,3613,2487,2159,2469,2413,2346,2499,2997,3921
"335920",15158,15156,16413,19376,15899,11252,10294,11307,13021,15882,16033,15600,11296,13590,15515,15159,13797,14586,14519,12132,11418,11056,11663,11186,13563,15386,15353
"335930",10533,11945,12271,12700,11709,10488,10106,11000,11163,11816,12577,13170,9649,10086,10829,12887,14511,14214,14164,13884,14329,14612,13802,14010,15323,17413,17405
"335991",2359,2334,2113,2080,1753,1723,1724,1754,1976,2361,2671,2898,1860,2671,3186,3442,3398,3436,3386,3208,3444,4430,4512,3501,3670,4171,4156
"335999",7311,7829,8731,11525,8234,6974,6917,7155,7651,7999,9624,9170,7455,8851,9391,10316,11036,10499,11174,11246,10836,11262,11997,13106,14242,16166,16148
"336111",99462,101909,99975,100867,92713,86050,82086,88573,90765,99366,87758,74628,45470,52868,52650,58589,59017,59329,57127,53592,40026,41031,35673,27772,27025,36010,38025
"336112",111578,115291,145677,126965,141838,146598,161856,163162,164902,154806,162080,117250,99587,137159,170227,172420,196844,213129,229645,229529,212846,232209,264862,257778,306964,297280,353946
"336120",14825,18703,22950,20656,13372,16736,16195,21618,27053,30463,21594,19656,19800,24851,29986,31655,30658,31599,34750,24971,26195,37251,34764,22598,25579,29257,32781
"336211",8611,9306,10347,9994,7179,7947,8448,9107,10137,10992,11467,10606,10860,11604,12482,12054,12145,12972,14345,14799,14898,17134,16293,14824,16139,19657,20137
"336212",5408,6379,6811,6432,4271,3973,4472,5676,6996,7978,7229,5917,4280,5373,6934,8250,8332,9592,10622,11143,11044,12123,11816,9632,12299,14924,15252
"336213",3906,4480,5249,4313,3255,5417,5805,6158,6057,5367,5606,3754,1741,2856,3198,2343,3257,4066,4292,4814,5566,5398,4806,4789,6560,7446,7578
"336214",4693,5260,6088,6320,5979,6726,6833,8533,9511,10724,10594,7865,5982,7402,7873,10561,11954,13902,14393,14806,17707,18858,19211,17219,26151,31146,31892
"336310",29278,29986,32097,31991,30328,34780,35225,35348,34564,31849,28026,29026,29051,31956,33529,30038,32882,34037,36381,38763,39899,38483,35497,30953,32769,36452,37442
"336320",21476,22296,26402,25312,26144,24827,24146,20640,22517,22471,19835,19887,20088,21178,21135,19706,21546,24115,25394,24274,24050,24670,25017,22671,24686,27383,27952
"336350",30897,31322,36050,36216,31831,35961,34247,36285,35249,34951,36774,27178,22463,28958,30537,35579,36476,38954,39024,39244,41980,43679,44394,37756,41709,46383,47675
"336360",11774,12122,14008,15268,13997,15978,15973,16056,17715,18606,20485,17402,12950,17251,21501,23107,25697,29874,32160,34360,31795,31780,30071,25034,25927,28993,29761
"336370",24441,25096,26111,25046,23292,26552,26911,27439,27837,27081,30674,25955,18779,26308,29262,30287,32040,34822,37282,38737,37922,40393,38562,32515,35447,39470,40552
"336390",42826,45008,48852,50303,44981,43334,43686,44062,45772,46073,50126,47147,35420,47530,57626,58428,60908,67405,71480,69412,65768,65273,61738,52327,57862,64274,65730
"3363A0",22742,22500,24757,24256,21668,24065,24342,24782,25432,24457,22305,18819,16715,19296,21829,23682,22764,25092,25784,27636,27475,29749,27515,23383,25052,27851,28384
"336411",59757,78194,76617,61096,73557,69492,62419,62821,73413,77341,101272,101167,96065,101305,101380,117880,123999,132465,136010,124217,149598,157916,120657,96842,93689,118846,161150
"336412",23105,25289,24297,24412,27445,24217,24191,25364,27612,29295,38188,36423,31982,30704,34974,44020,45600,46111,45061,44591,46690,53364,57530,48730,48684,60039,70851
"336413",20518,24464,23481,20646,23087,21889,21590,22671,24659,29098,33370,30834,31691,29720,34750,35908,37908,41040,39119,34109,37147,37861,41774,29231,27250,34546,41222
"336414",13717,14346,12349,10215,9943,11558,13492,10430,14086,12064,16266,15917,13231,17826,20127,20952,21080,21919,21143,18208,19803,21855,26854,28028,26659,37111,39478
"33641A",4367,4511,4200,3482,3721,4132,4372,5585,10538,5663,5912,6773,6054,5914,5639,5874,6034,6305,6440,8364,9506,8960,10389,10023,10231,14147,14902
"336500",8269,9402,10156,9522,8518,7563,7081,7873,9231,10786,12762,14742,11424,10336,12173,16649,19667,22266,21968,16214,12802,12114,11759,8790,8452,10105,10616
"336611",10653,11519,11225,11196,13142,13103,13627,14033,14559,15602,18349,21838,24546,22043,21056,22695,22538,23679,25969,24216,25522,25180,26972,27960,28157,33119,34193
"336612",5689,6257,7476,8129,7262,8369,8310,9659,11165,11576,10667,8639,5397,5741,5867,7244,7705,8203,9189,8853,10484,11053,10794,10929,13064,14529,14598
"336991",3432,3318,3265,4060,4894,5592,5878,5458,5695,6280,6627,7159,5741,5750,6345,6102,6314,6414,6739,7411,7580,7330,7062,5728,6623,7860,8442
"336992",1474,1469,1186,1129,1459,1627,2631,3770,5189,6294,11481,16123,14839,11536,7109,6133,4697,4073,4729,7498,7664,8628,5791,5699,6399,8193,8281
"336999",4646,5249,6127,7954,8304,8207,8504,9190,9884,10013,8759,9663,7177,8125,9282,7358,7998,8500,8966,7924,8769,8610,8928,8576,9492,10929,11111
"337110",9437,10300,11166,12340,12995,14827,15752,17687,19617,20941,19347,16423,12689,11750,11504,11436,12825,13328,14980,15349,15062,15848,14852,15677,17532,18308,17672
"337121",8630,9677,10466,11743,10370,11824,11717,11575,12060,12175,13171,11180,8938,8528,7643,9813,10113,10492,11519,11889,12313,12383,11312,11088,12065,12612,12172
"337122",10939,11638,12062,11682,10431,10873,9751,9187,9373,9027,7388,6828,4336,3842,3445,4195,4225,4113,4270,4342,4089,3917,3681,3128,3407,3652,3372
"337127",4566,5028,5352,5252,5327,5140,5159,5353,5766,5884,5837,5186,4126,3232,3036,4647,4532,4607,4725,4586,4913,4868,4725,3937,4076,4791,4915
"33712N",2565,2739,2983,3102,3148,2691,2462,2608,2807,2908,3300,2806,2540,2439,2582,2875,3029,3106,3361,3248,3382,3244,3414,3458,3588,3760,3575
"337215",8060,8703,8501,9002,9750,8741,8798,8983,9439,9984,8326,7231,5493,5306,5686,6695,6839,6993,7471,7504,7299,8548,7420,6479,7445,8732,8961
"33721A",13700,13818,13598,15608,13897,14521,14597,15215,16739,16420,18780,18759,13485,12324,13934,16343,15724,16845,18195,18755,19031,18433,19183,16477,16369,19151,19770
"337900",5673,6539,6712,7137,7157,6995,7023,7752,8445,9027,9537,8534,8032,9845,9428,9729,10189,10183,10258,10150,10192,9447,9600,9708,10618,10876,10494
"339112",18570,19952,20557,21751,23348,21788,23053,23105,27037,28968,30819,34949,36346,36979,38220,39128,42358,40182,43518,40658,42970,44743,41451,38160,41360,45669,46590
"339113",16019,17512,18387,19734,20986,25208,27829,27726,31489,32348,33760,35531,36417,37680,37264,36534,40120,37371,36761,35037,35133,36529,37536,37419,39629,43926,44744
"339114",2537,2717,2884,3018,3125,3130,3295,3638,3992,4132,4538,4784,4537,4824,5062,4789,5330,4444,5214,4714,4770,4893,5195,4816,5397,5968,6060
"339115",3372,4061,2153,3890,4571,6154,5864,6114,7298,7492,8276,8231,8387,6914,7399,8432,8594,8137,7633,7231,6480,7736,8211,7823,8579,9296,9623
"339116",3322,3882,3045,3097,3354,3732,4027,4159,4490,4709,5182,5331,5124,5001,5022,5555,6209,6008,5891,5694,5672,5788,6193,6688,7101,7820,7993
"339910",9289,8912,10001,10398,9855,9474,9640,9854,10978,11339,11992,14113,10512,9976,8658,8002,8258,8276,8173,7991,7955,7899,7856,6828,8101,8995,9182
"339920",12179,12522,11991,13786,12567,11979,12890,12434,13259,14011,13283,12745,11445,10892,10671,10197,10430,10450,10519,10035,10394,10610,11251,11388,13036,13042,13346
"339930",10593,10656,8033,12244,3730,4381,4251,3985,4167,4190,3161,3030,2760,3619,4634,1811,1617,1795,1849,1969,2018,1571,1480,1386,1594,1727,1604
"339940",4942,5017,4827,5259,4402,4580,4122,4030,3982,3887,4240,4148,3876,4512,4413,2771,2662,2946,3078,2987,2854,3147,3329,2970,3179,3332,3077
"339950",9791,9834,10984,11163,10909,10843,10992,11601,12651,14788,13669,16038,13743,11552,11691,11544,12711,13530,13943,13814,13729,14006,14475,12866,13480,14514,14963
"339990",20004,21085,22262,24412,22040,25561,25832,27264,29146,30473,30619,30807,28195,27811,29083,27830,29505,30082,29951,27664,26874,30408,29837,29060,32528,35042,36434
"4200ID",19617,19586,19182,21123,20636,19938,21458,23283,25335,26687,28793,29243,23081,28603,31891,33503,35468,37363,38123,37534,38513,53284,77752,68627,89101,102333,81633
"423100",42742,46443,52723,56371,55419,61209,59465,64528,67288,74511,73547,73682,60921,80994,93935,107687,113846,125051,130271,136815,137973,149584,157216,137842,161640,193252,213265
"423400",81578,89209,96586,97325,94278,95767,100524,110484,122277,131626,141006,157829,149426,175657,190545,199950,199884,201255,203545,201710,208554,218319,224214,219948,247407,266964,259430
"423600",60103,63121,71400,83089,73874,74765,74786,84495,87189,101445,108665,103235,93489,113876,128718,145128,164439,184823,204931,213998,235739,247945,245579,241713,289654,326856,335792
"423800",75285,82747,84506,86809,79852,79175,83603,94399,104110,108967,114191,123487,97365,120723,144625,167140,169952,179525,172925,166932,181458,201026,197062,182373,215037,256328,272383
"423A00",113408,113173,121701,131143,124024,133617,139731,166071,179859,199345,206904,204370,149519,185732,217310,231171,234787,251172,247893,257100,286645,313143,312902,304945,392784,450497,415441
"424200",27765,31892,38185,42297,52352,62692,64350,69573,84309,88279,88550,93123,97443,109149,118024,130995,143858,161703,186295,194668,214737,213364,224469,232721,250029,280223,314550
"424400",68906,68260,72595,75100,77085,79947,92048,86197,90373,93960,104259,105692,105301,112409,115418,129166,139936,145781,159095,163958,175663,179467,186219,185244,205797,234405,239771
"424700",85172,84324,87062,93470,91483,88085,96349,106200,116793,127378,132551,142876,120033,126214,143862,156908,165679,166862,149996,144316,150223,170943,170830,148057,192932,217213,200037
"424A00",144368,147181,154451,163923,171598,174487,173769,186359,197056,207914,232311,241358,230586,252928,273618,290980,322367,340550,347564,351955,372464,382800,384259,373850,433638,487277,455412
"425000",28190,26144,27888,29861,19771,22221,23168,27718,33170,36720,40138,52245,27763,52918,72853,62399,63267,63628,64266,54270,51908,45267,52251,30854,59966,68597,52919
"441000",174683,174653,196409,195360,176570,208869,211257,217229,211892,214639,215777,184496,147771,196860,198782,221875,246107,272191,305602,335898,355735,370443,371276,357845,440772,524802,540845
"444000",71297,76362,79399,86314,88873,87665,95958,108366,119197,126354,126738,113149,104639,108376,111091,115682,124812,128564,134176,141815,143185,149365,151330,176199,200811,206894,200886
"445000",129442,133475,140403,141465,152600,153929,159016,168237,175215,185031,188194,194115,190738,197147,203793,207679,212024,220983,231482,237337,249238,253092,263473,289657,308117,334946,344219
"446000",43414,45414,47233,50529,52560,56096,60893,65584,68074,72673,74994,75886,84729,82278,84886,87887,95328,97389,104216,105694,109929,106462,110149,102834,124832,139044,150136
"447000",53497,53041,54880,60032,63041,58399,65654,72879,79882,82608,82900,89282,70532,75521,81762,84138,89210,93176,93833,98449,106626,115181,119815,114555,137264,170472,156311
"448000",69123,74973,80617,84711,81763,86753,92745,101066,106482,114438,115019,107948,105422,112252,117966,126494,130863,133019,138374,140327,141036,146085,145700,101754,169615,170262,173222
"452000",116492,123012,131698,136278,139037,139477,157148,172720,181075,186516,198442,200669,207359,215065,212396,210837,214100,221106,228827,229670,233936,242483,244474,255628,285280,302477,310953
"454000",61144,64444,69433,81190,81468,88537,95478,102930,110123,124156,133415,131529,130224,140248,151374,166994,186689,209227,235988,261621,297033,335048,359200,456833,536969,579003,634089
"481000",114082,115414,120546,133957,118293,111355,121994,132138,141802,152093,160675,170930,146642,163474,194217,195414,203717,216755,220666,221809,236301,253774,272267,126833,195119,295863,311313
"482000",38153,38140,38690,39260,39849,40489,41448,45680,51528,58116,60665,68392,54709,66432,75816,79141,82572,88947,82483,75673,79569,86545,84848,73951,83438,95281,91781
"483000",24436,24507,25658,27174,26861,25870,29972,35037,37592,41929,46950,50679,42696,46856,48918,50022,50581,54528,51721,50815,54977,59805,60883,39151,39994,66079,71454
"484000",162002,174031,185747,198499,199331,203129,208883,231013,255940,272756,279024,283669,231349,251530,278367,297775,308722,336371,337243,337616,367154,401324,409425,413698,491140,577863,529782
"485000",24252,26465,26327,26031,26830,27395,28026,33318,37022,42342,44903,45047,44886,45117,49237,50992,56379,63061,66925,68184,78301,95376,109551,73270,87865,119275,145630
"486000",24249,24128,24133,23217,22700,22149,22355,23037,22829,24244,25741,31245,27305,31190,34988,36442,38916,42118,44193,45189,48072,55595,61593,59335,63989,69603,71201
"48A000",43376,47951,53046,57846,60685,63562,64908,72201,81077,89117,94730,100201,87433,96870,106307,113155,119499,129962,137816,139235,141646,152082,154020,158342,201839,236158,199196
"491000",58402,60098,62131,63508,63949,66593,66545,67770,68121,72743,74832,73141,67703,66257,63952,61890,63341,67761,69802,70915,69731,71303,71079,75539,77033,79462,79639
"492000",42083,47697,53061,60232,60856,61687,65144,69898,71266,78138,83741,77575,67489,68802,72739,74078,76638,80894,84185,89085,97060,104550,110493,129357,152889,157990,149965
"493000",26342,28633,31094,33818,36333,39694,45258,49691,53170,61496,69034,76898,78609,88470,97611,108888,110419,111195,112236,118222,123834,129874,134932,137510,158943,178503,180304
"4B0000",138199,146433,153615,164136,156361,165561,169872,181525,187788,195690,198558,180202,166471,171927,173895,182125,192452,199480,209490,212281,210225,216140,222509,216526,275364,267980,262292
"511110",42072,43952,47271,50578,46651,47371,48347,49371,50500,50027,48643,44011,36124,33984,31953,30396,29161,28838,27303,26049,26103,26000,24310,22840,22927,23857,23519
"511120",31247,35637,38788,41457,41389,41621,41105,42899,44324,46329,47586,44195,36657,34190,32394,30231,29979,30031,28826,28034,27680,26516,27195,24911,26878,28397,29045
"511130",30216,32163,34547,36672,35272,36073,35387,36684,36752,36871,39347,39193,37801,40188,39752,36119,36702,37059,38137,37517,38579,36704,35750,34941,36336,38335,38081
"5111A0",20339,21391,24172,25772,25188,26854,26610,26144,26448,26657,26754,25557,22250,18606,17642,16258,13838,13747,13170,12007,10861,10637,9799,9556,9481,9251,9261
"511200",66889,80922,93747,104926,113392,112706,110268,124611,134053,144592,148689,159957,155473,162246,176358,183229,201001,216486,221339,254180,282066,300030,321407,352811,402945,453445,491909
"512100",69746,75822,81379,90483,92006,99399,107837,107673,111143,113232,116060,111077,104946,113005,113016,117057,120989,122235,127224,132951,132386,142537,144849,124122,141949,165805,171228
"512200",19756,21029,23563,24841,29973,24640,23712,23021,23146,23265,20996,20007,18162,16784,15314,14643,14510,15010,16359,16935,18350,20006,21994,23013,26246,29696,30835
"515100",44000,47123,54001,59690,55822,57913,57776,61104,62803,66972,64436,65439,59526,66760,67785,75081,75420,81635,84301,93671,94812,102355,104823,105878,114929,122720,117996
"515200",17407,20505,24579,28877,30892,34299,38780,42766,48935,53112,57477,61952,63883,68516,74308,78802,84576,90113,98392,103854,108804,112489,106147,107057,114405,115808,112553
"517110",283256,312232,346479,379979,379066,355410,336847,327459,326093,325502,327122,326227,316614,314729,316407,310707,314014,323013,335408,356952,347843,344020,347121,341274,347238,345531,335108
"517210",42546,47870,58653,69451,89824,105930,116798,130619,144196,158318,171285,182804,188565,200525,216737,230497,237840,256052,260333,263423,261541,278705,284926,287816,304076,317415,313841
"517A00",16901,19029,22288,25067,25596,22799,23623,23602,27214,30333,33858,36338,36262,36803,34419,38040,41219,43889,46164,47394,49042,49443,50972,51850,55939,56846,57664
"518200",37237,40156,50301,52201,57941,64394,63221,65662,68541,75502,79032,88710,88697,97221,108634,121948,130923,137169,148039,156740,176238,207040,230847,255669,309445,354787,376498
"519130",4912,5852,7352,10270,9255,9917,12352,15870,19525,24773,32374,42314,47775,58399,72787,92223,102334,116561,134075,158482,180540,212224,241382,271669,340631,374606,397037
"5191A0",4035,4795,6431,8254,6929,6869,6985,8072,8606,8674,7073,7158,6884,6911,7235,7372,7619,7926,8406,8254,8457,9105,9542,10162,11102,12412,12780
"522A00",148153,155051,174828,195159,213224,214811,216266,226994,236182,242134,241210,265935,262214,257071,265624,300171,331937,367086,358207,381526,401362,402132,400626,396380,397751,387656,404175
"523900",74513,94375,110158,136582,126158,122843,131806,148071,173830,210322,239943,248588,222131,234080,251940,278383,308336,332231,336547,332575,350231,366937,384025,399898,458071,454270,516511
"523A00",131442,149538,182264,220581,186660,163543,176165,196449,208165,236579,261629,208744,214104,220311,200278,200088,202723,209633,205540,198288,199086,212814,223969,231991,262653,267987,311891
"524113",55119,55962,57418,65445,62152,58826,60478,72287,79255,84109,87286,86638,78052,78569,82617,82073,82080,85251,87124,73554,91851,93027,92382,90849,99332,109079,118329
"5241XX",206511,222119,231024,244295,260411,278312,313024,340050,372863,390170,434899,445715,380930,385500,420172,430388,448369,503844,540911,558877,588379,622568,639697,674787,675981,725443,713607
"524200",88323,95750,101764,110585,117055,124877,133432,144082,153621,161762,169688,183578,186459,198272,224869,286130,306981,321577,335288,346543,362909,381829,400559,425434,457995,492377,546294
"525000",56149,65392,74595,89916,80928,71399,70253,80600,88165,97915,114334,118349,99868,108975,113813,117259,139259,146056,165114,158098,157361,149174,147388,155671,180667,190696,205986
"52A000",245649,274877,302528,332793,334764,367036,397998,404638,438722,462239,476183,435033,437847,434815,427429,461447,482085,507821,548035,593561,656555,709729,719275,750959,804948,867271,967571
"531HSO",636561,681644,726608,778045,838480,877005,919026,973386,1046008,1106753,1171262,1245041,1262023,1285401,1302865,1320813,1362456,1391145,1430947,1489892,1553242,1614721,1686609,1791869,1891533,2053190,2231384
"531HST",221310,229711,241364,250481,265246,271847,274820,291384,308963,322404,334639,348816,354879,365518,383188,405849,421339,437980,454101,468519,480396,501293,532339,551498,585497,642242,695935
"531ORE",398229,415740,442920,495678,519114,583877,648038,757476,889615,900781,885232,813980,756470,803416,823334,889093,974986,1046978,1148792,1223784,1265027,1340641,1435813,1411750,1680134,1845179,1970218
"532100",31514,34234,37778,40489,39599,39115,39874,43085,45593,48441,49986,51097,47800,48147,51181,53868,56304,59795,62485,66087,68743,72961,78854,65111,79992,94976,99544
"532400",31994,37656,40000,43664,42212,39748,39098,41456,46618,53493,56033,57431,51522,52463,56356,61865,69994,80027,87772,89688,93317,103641,109840,102982,112581,127451,138660
"532A00",20587,23164,24719,25106,25006,24407,25919,27978,28167,30246,31147,30790,28033,27681,26844,26904,26981,28279,29586,29576,29457,30380,30969,29375,35244,37400,38013
"533000",65783,75392,85770,100880,103076,98622,114037,118413,130176,130309,132997,150217,123643,140238,150351,155979,166063,173491,156217,156244,157206,173293,183413,206253,297561,330942,378771
"541100",155617,170163,180908,187737,200688,212024,238963,252037,270156,280965,290435,292117,279878,285996,297756,306936,308155,316208,329038,335025,354713,358780,370979,374728,412286,437846,447730
"541200",72172,80144,87517,96645,101258,102887,105125,108628,115276,121539,132058,141145,141862,141906,149191,162282,163313,167760,174056,171093,171519,177905,188125,192742,208118,224608,240376
"541300",131755,144493,153546,169956,175822,174419,180654,203312,228298,249698,272119,292054,264562,262554,280503,281135,281494,297731,310846,317206,330571,349308,371137,365257,387668,430465,459481
"541400",17875,19382,20420,22152,21510,20421,21494,23327,25249,27267,29879,28879,23905,24077,25723,26793,27707,30882,33458,34595,36167,37923,40243,40554,48431,55153,58273
"541511",42397,54595,68018,77021,74364,70106,69069,70728,78956,83584,96545,104141,101132,113325,123778,135829,134545,140363,138153,144675,154045,172223,182428,191914,228026,258834,270514
"541512",57218,69883,81517,93667,92336,91865,88902,88300,94196,98641,105425,117490,116874,128502,142720,158099,172802,195533,210536,237506,272381,294600,296670,305213,325852,348789,364100
"54151A",24263,29141,36657,40000,38542,37770,39757,42548,44682,48231,54982,60308,61666,63203,64437,60294,57999,55583,52863,51780,49605,52423,52734,53987,56916,68692,71562
"541610",67242,76329,83963,91335,98530,104507,104424,113468,127006,134223,145328,156621,150300,166745,183084,199054,209657,224676,232610,244611,252629,266181,280450,286477,325042,362477,381325
"5416A0",15574,14442,14631,15989,17216,18121,20013,22374,24920,26785,31450,33870,34800,38066,41182,44114,46255,48691,50454,51608,53429,57997,62481,62144,68585,79508,83818
"541700",93340,101139,111453,125152,127458,135104,138477,142239,142909,149783,156960,167029,169006,171705,176774,177429,183582,195449,212382,227550,255406,279096,317587,338218,399214,441743,484513
"541800",57258,64545,72132,83039,83164,81822,86645,95644,104148,116152,128994,125310,110695,111809,111071,112878,113066,116394,118382,124674,129678,141168,150382,149894,166175,185596,201158
"541920",9618,9962,10150,10695,10873,10473,10738,11007,11269,11531,11843,11968,10840,10619,10587,10861,11387,12098,12049,12363,12933,14073,14605,12303,14035,16826,18010
"541940",11995,12860,13679,14717,15300,16124,17218,18716,20435,22213,24533,25723,25843,26795,27654,29402,30937,33790,36325,39372,42612,44114,47771,50439,60142,63104,71809
"5419A0",43446,42528,43076,45776,46416,46949,50139,55188,58680,61316,64037,67589,68387,72670,76370,79913,79391,83211,83542,84310,88352,94184,100247,98372,116747,138484,146872
"550000",195160,221676,240171,260205,259597,261763,280598,320767,354823,383645,433488,432624,400243,422166,446514,478846,492923,518680,542310,541129,568623,600944,631717,638956,688296,756146,784243
"561100",31337,32900,35883,38322,38588,36570,38064,40411,44137,44865,45658,45278,44626,45090,46904,48315,51511,56764,59238,62385,65095,67767,70520,71120,75541,89778,99273
"561200",8437,9632,10999,13171,13457,14049,14647,16434,19612,23229,27327,29245,28168,27367,28338,26450,25813,26598,28031,28143,29656,33229,34720,30395,28653,32481,34980
"561300",80560,105374,118252,135229,123164,115495,122116,136590,152204,167158,179126,187110,169192,195745,222901,247704,260826,298321,326227,359826,386620,412295,439173,418360,479106,537322,495637
"561400",40005,42467,45438,48881,51169,50719,54392,58172,62422,67462,70523,70643,66938,66528,67081,67759,68311,70545,72525,78028,80333,84446,87089,87201,94746,96319,99405
"561500",25465,27478,29360,30647,29468,27811,29435,31880,33477,35906,39997,39730,34417,36359,37320,37726,40185,43276,46550,51729,59102,65329,70239,37061,50508,78206,92353
"561600",22334,24513,27461,29580,31196,34747,35753,37313,40891,41600,44793,47585,47027,47055,48614,50647,51960,53559,55133,59447,67172,69456,76148,73202,75311,82213,83256
"561700",68887,75428,81967,89389,95772,100200,106288,113304,121846,129634,140744,141762,131774,133680,137577,141438,149204,163346,172023,184895,195967,222641,241807,249531,280543,316801,331749
"561900",31873,34777,35998,37957,36090,34792,34020,35782,38916,39524,40738,41360,36884,37852,39361,41524,42938,46668,49513,51894,55635,61440,65468,55601,62845,80368,89400
"562000",41969,46456,50706,52711,53383,53465,57300,62036,66758,73456,76521,79533,74828,82438,83194,83565,86950,94109,96436,105178,115616,123447,128247,128274,141312,155428,166856
"611100",22495,23234,23956,25297,27011,27922,28478,29270,30312,31682,33787,35353,35168,35301,35655,36044,38610,41157,43715,46382,48102,50014,51649,52067,55433,61551,66721
"611A00",67334,72735,77376,84284,93216,101938,109773,115546,120739,133132,148684,164510,180239,195814,207603,209906,216048,221004,225935,231280,234379,239354,246999,223331,236716,261833,278956
"611B00",23283,25764,28465,32082,35239,36320,38277,40486,44032,48642,54141,57435,58108,61783,63191,63662,64690,67483,70045,72229,74988,80137,84513,81252,93177,113587,127688
"621100",183958,195343,205961,223181,243499,263926,284922,306000,322203,335933,351779,369108,378504,390825,405982,419119,418868,434474,456634,478211,494669,510976,531224,506422,563025,603031,657247
"621200",51374,55165,59080,64268,70051,76390,78623,84062,88578,92046,97435,102265,102453,104823,106149,107519,109127,112538,117771,124187,129731,136128,142506,118972,146103,162493,173174
"621300",42888,43739,43582,43859,47726,48208,52415,56267,58897,61092,65424,70963,74574,81222,85519,87042,88036,91824,96438,100655,104475,111647,118316,112212,129057,143003,163812
"621400",39813,41513,44562,46704,51292,57107,60228,62220,67175,70078,71882,76531,82786,87251,89650,100374,103188,114179,127661,145748,163332,168613,180343,178340,196490,208866,229972
"621500",20476,22920,23744,26020,28938,29599,31883,33797,35767,37075,37776,41858,45645,47728,50825,52294,51650,51299,51967,52813,55075,55907,57518,60488,71037,70847,70741
"621600",37072,36261,33644,32358,33724,34848,37645,41365,44313,46011,50948,53812,57044,59232,62801,70128,69325,71435,75054,79979,90246,91387,97474,97033,103580,114511,131156
"621900",12466,12886,15062,16032,17180,19400,21096,23688,26019,29676,32793,31197,32540,32268,32895,32777,32398,32561,33146,33522,34811,34522,34916,32643,36626,43866,48529
"622000",271302,289790,303308,320356,345687,382376,408917,435512,469790,502216,530029,569355,611070,636902,667852,709379,730516,742577,789410,821373,846173,883635,931191,920433,1010039,1084818,1160859
"623A00",78009,83823,85771,90932,97236,102364,109113,114755,122787,129617,137599,144902,149107,156266,161858,167806,170811,176028,182302,188187,188718,193306,201970,193943,197200,212902,236970
"623B00",17200,18196,20115,21582,23934,26039,28246,29760,32061,33606,35043,36537,37506,39478,40031,41175,42942,45203,48733,51399,55166,56921,59283,63060,66669,73146,80133
"624100",26549,28624,31395,35572,40300,42989,45761,48169,51060,55850,60718,66693,71756,76879,80301,84532,86224,92337,98363,106929,118210,123359,129673,137054,151629,168335,185873
"624400",23601,24470,26548,28632,31095,32836,33809,34131,34877,36661,39755,41345,42419,44038,42991,43037,45410,46550,48467,50937,53045,58274,61919,56515,64367,72601,79919
"624A00",11421,13208,15826,18924,22262,24726,26865,27869,30981,31931,33571,37369,39363,41834,41281,42110,43125,45705,48581,51292,53204,54656,56260,60437,62938,63393,69079
"711100",11068,11989,13126,14600,15776,14960,15596,17820,18428,18728,19490,20445,20694,20833,21714,20955,21337,22535,24414,26150,27902,28956,30343,21757,21860,28965,34863
"711200",16891,18542,19830,22024,23289,25732,26394,26896,28874,30781,34691,35707,35492,36312,37146,38195,40130,42372,44981,46966,50860,53025,54236,31568,49252,61423,66863
"711500",15502,16231,16914,17834,20239,22722,25910,26590,26917,30250,31837,32640,32682,33285,33996,36255,36399,38908,41576,42949,46453,51365,54864,42805,59695,72385,63657
"711A00",10957,12792,13741,14878,16036,19598,21096,21210,22802,26703,29257,30729,31795,31732,31592,35196,37326,41106,45609,48530,52784,57112,61588,37707,53046,78753,91530
"712000",4901,5027,5608,6526,7663,7972,8454,8609,9391,9979,11379,12266,12598,11885,12154,14167,15927,17513,17509,18490,21000,21683,23354,21361,23113,22004,23965
"713100",7167,7766,8498,9679,10691,11125,12250,13689,15151,16333,18352,17910,16325,16166,16130,16039,16379,17035,18596,20279,23969,26912,28559,16475,28796,36556,38248
"713200",18323,16301,17389,16693,16388,12985,16936,20877,21623,27365,29927,29985,28969,29214,30340,31213,32356,33358,34976,35957,36797,38413,41164,33219,44930,51167,57083
"713900",42595,44876,47465,49223,49908,52179,53841,56202,58846,62577,66632,67916,65581,66482,69088,72584,76379,80063,83961,88257,92732,96820,102601,86377,107448,125778,141501
"721000",116530,123773,133824,150320,144684,147637,151230,163143,177343,187376,192814,198026,181943,185670,198744,214978,226043,244145,258602,269315,282916,297971,306476,182521,248379,335208,374518
"722110",137627,145141,153928,166278,177070,189043,197527,208327,218157,231602,241403,243480,239229,245665,261928,278513,290176,312299,338913,353669,371751,391016,409878,314632,451398,527984,582648
"722211",116604,122300,125915,134163,135331,139863,154599,172104,189091,205783,220076,226497,225622,233789,242053,253788,264381,276829,303187,321878,340769,361990,383517,371952,441334,497089,549518
"722A00",52751,57567,62252,67958,72531,76594,74099,71719,68256,64892,59990,62935,64204,68195,75145,81680,85176,91308,97187,100695,105011,110297,115625,88629,127243,149008,164189
"811100",84534,92629,97564,98489,101285,99175,102863,105667,108402,111260,111038,106923,102663,105724,109149,111312,111449,115279,120275,125220,137772,144637,158909,145915,174052,201891,213668
"811200",18013,18934,20254,20398,20694,20699,20214,21160,19457,19605,19282,19270,19247,19614,20389,20869,21096,21736,22500,22350,21463,21718,22507,22307,22591,24389,26141
"811300",17394,18309,18395,19733,20894,22721,24580,26027,25520,27963,30590,32070,27375,28038,32127,34322,35571,38237,39190,40388,43092,45314,46859,44016,47671,55902,58460
"811400",14357,14793,16090,16919,17283,18011,18090,18590,19085,20009,20487,20102,18708,18652,18847,19400,20308,21241,22537,23441,24942,23857,25024,23918,28158,31156,36479
"812100",28949,31562,33439,36364,38425,41252,44395,48149,53842,56986,59844,64022,58360,64667,65903,68379,70413,73324,75585,78114,80981,87138,95717,58520,78017,99262,111233
"812200",12393,13379,13687,13905,14782,15276,16699,16519,17383,17891,18397,18463,18499,18341,18301,19714,19201,20177,21834,23124,23698,23194,23292,25192,27675,27420,27323
"812300",20086,21494,22533,22987,23890,23693,22998,23424,24650,26040,26150,25596,24818,25039,25456,26029,27013,28270,28993,28875,29392,30417,31739,28789,30691,34941,37937
"812900",32794,35120,38696,41248,40262,42208,43576,46234,47783,48070,48743,49240,47012,48664,51359,53509,55458,59435,62335,64194,68719,72250,70387,63508,82020,98663,127135
"813100",44588,48167,50233,54067,58599,62211,63312,67335,70015,72640,77714,78402,78852,78595,78347,82664,86737,91656,94614,98913,100432,100725,103258,102731,108656,113654,117205
"813A00",13193,14922,17839,20811,25128,27568,28893,29984,31891,36516,41682,44023,42134,41259,44388,44419,47260,50831,55530,57596,59660,63738,67464,65458,76030,83012,98068
"813B00",53590,60648,60657,66999,68082,72558,68864,69365,63918,70008,64282,73187,66296,70897,68084,78084,74470,85431,85974,99918,100045,106362,108637,123881,106953,131955,137428
"814000",12195,14133,12884,13766,13068,12773,14179,15112,15292,16393,18043,19107,17410,15321,16328,17330,18234,20845,21314,20047,18684,21954,22967,22456,22026,25081,25456
"GSLGE",448464,476495,509370,550029,589353,613047,639259,674067,709486,750238,797216,836029,854002,869936,875866,897146,921617,945771,973945,1002086,1019982,1069375,1120308,1164929,1234907,1335614,1377117
"GSLGH",115854,120031,128753,137458,149038,159096,164852,174212,183004,192486,209354,225346,233338,240032,245310,237637,262137,272060,283634,299719,312935,328959,346173,350165,384587,409907,436174
"GSLGO",429191,456325,492521,528795,569746,603352,615929,642212,681268,721032,762157,795754,803935,806889,807507,812279,837691,859520,882649,898425,935967,985493,1037371,1083636,1153934,1259193,1294734
"S00101",8357,8816,8773,9567,10593,9845,9994,10358,10942,12180,12303,13597,13042,13931,14112,13695,14101,15084,14954,15430,15873,18243,18709,16745,23829,26653,20646
"S00102",10187,9248,10576,10880,9514,11161,10766,10081,10356,11793,13722,15834,18276,18307,17581,23328,18186,15296,13377,11414,9206,9213,9113,8357,10703,8939,9369
"S00201",7514,7702,7934,8446,8877,8966,9371,9941,10471,11169,11787,12650,13215,13486,14392,14736,15369,16009,16507,16766,16928,17071,17396,8952,9475,12159,13862
"S00202",22183,22587,22838,22621,22381,21797,22565,23689,25772,28387,30241,37025,43307,49314,54826,59671,61221,63220,63575,63461,63412,66368,65696,63533,69310,82670,81163
"S00203",100455,104537,110410,115819,120934,129749,138546,148790,159555,172421,181367,190829,199923,210408,217310,224162,234718,243411,252220,260727,273909,288941,299308,273772,311870,343390,364813
"S00500",304866,300962,313270,321572,339792,374582,428318,466347,497159,522569,549978,606076,637328,675588,688109,676302,636593,623624,610655,611982,624290,659499,702344,725941,750397,768246,825955
"S00600",160267,163523,168137,182355,196175,217788,236785,252026,267805,283017,291130,316550,344427,373781,366865,370377,366571,375356,389942,401004,405353,427483,440949,494461,552421,575236,593971
