NAICS_2002_Code,NAICS_2007_Code,NAICS_2012_Code,NAICS_2017_Code,NAICS_2022_Code
111110,111110,111110,111110,111110
111120,111120,111120,111120,111120
111130,111130,111130,111130,111130
111140,111140,111140,111140,111140
111150,111150,111150,111150,111150
111160,111160,111160,111160,111160
111191,111191,111191,111191,111191
111199,111199,111199,111199,111199
111211,111211,111211,111211,111211
111219,111211,111211,111211,111211
111219,111219,111219,111219,111219
111310,111310,111310,111310,111310
111320,111320,111320,111320,111320
111331,111331,111331,111331,111331
111332,111332,111332,111332,111332
111333,111333,111333,111333,111333
111334,111334,111334,111334,111334
111335,111335,111335,111335,111335
111336,111336,111336,111336,111336
111339,111339,111339,111339,111339
111411,111411,111411,111411,111411
111419,111419,111419,111419,111419
111421,111421,111421,111421,111421
111422,111422,111422,111422,111422
111910,111910,111910,111910,111910
111920,111920,111920,111920,111920
111930,111930,111930,111930,111930
111940,111940,111940,111940,111940
111991,111991,111991,111991,111991
111992,111992,111992,111992,111992
111998,111998,111998,111998,111998
111998,112519,112519,112519,112519
112519,112519,112519,112519,112519
112111,112111,112111,112111,112111
112112,112112,112112,112112,112112
112120,112120,112120,112120,112120
112130,112130,112130,112130,112130
112210,112210,112210,112210,112210
112310,112310,112310,112310,112310
112320,112320,112320,112320,112320
112330,112330,112330,112330,112330
112340,112340,112340,112340,112340
112390,112390,112390,112390,112390
112410,112410,112410,112410,112410
112420,112420,112420,112420,112420
112511,112511,112511,112511,112511
112512,112512,112512,112512,112512
112910,112910,112910,112910,112910
112920,112920,112920,112920,112920
112930,112930,112930,112930,112930
112990,112990,112990,112990,112990
113110,113110,113110,113110,113110
113210,113210,113210,113210,113210
113310,113310,113310,113310,113310
114111,114111,114111,114111,114111
114112,114112,114112,114112,114112
114119,114119,114119,114119,114119
114210,114210,114210,114210,114210
115111,115111,115111,115111,115111
115112,115112,115112,115112,115112
115113,115113,115113,115113,115113
115114,115114,115114,115114,115114
115115,115115,115115,115115,115115
115116,115116,115116,115116,115116
115210,115210,115210,115210,115210
115310,115310,115310,115310,115310
211111,211111,211111,211120,211120
211111,211111,211111,211130,211130
211112,211112,211112,211130,211130
212111,212111,212111,212111,212114
212112,212112,212112,212112,212115
212113,212113,212113,212113,212114
212113,212113,212113,212113,212115
212210,212210,212210,212210,212210
212221,212221,212221,212221,212220
212222,212222,212222,212222,212220
212231,212231,212231,212230,212230
212234,212234,212234,212230,212230
212291,212291,212291,212291,212290
212299,212299,212299,212299,212290
212311,212311,212311,212311,212311
212312,212312,212312,212312,212312
212313,212313,212313,212313,212313
212319,212319,212319,212319,212319
212321,212321,212321,212321,212321
212322,212322,212322,212322,212322
212324,212324,212324,212324,212323
212325,212325,212325,212325,212323
212391,212391,212391,212391,212390
212392,212392,212392,212392,212390
212393,212393,212393,212393,212390
212399,212399,212399,212399,212390
213111,213111,213111,213111,213111
213112,213112,213112,213112,213112
213113,213113,213113,213113,213113
213114,213114,213114,213114,213114
213115,213115,213115,213115,213115
221111,221111,221111,221111,221111
221112,221112,221112,221112,221112
221113,221113,221113,221113,221113
221119,221119,221114,221114,221114
221119,221119,221115,221115,221115
221119,221119,221116,221116,221116
221119,221119,221117,221117,221117
221119,221119,221118,221118,221118
221121,221121,221121,221121,221121
221122,221122,221122,221122,221122
221210,221210,221210,221210,221210
221310,221310,221310,221310,221310
221320,221320,221320,221320,221320
221330,221330,221330,221330,221330
236115,236115,236115,236115,236115
236116,236116,236116,236116,236116
236117,236117,236117,236117,236117
236118,236118,236118,236118,236118
236210,236210,236210,236210,236210
236220,236220,236220,236220,236220
237110,237110,237110,237110,237110
237120,237120,237120,237120,237120
237130,237130,237130,237130,237130
237210,237210,237210,237210,237210
237310,237310,237310,237310,237310
237990,237990,237990,237990,237990
238110,238110,238110,238110,238110
238120,238120,238120,238120,238120
238130,238130,238130,238130,238130
238140,238140,238140,238140,238140
238150,238150,238150,238150,238150
238160,238160,238160,238160,238160
238170,238170,238170,238170,238170
238190,238190,238190,238190,238190
238190,238190,238310,238310,238310
238310,238310,238310,238310,238310
238330,238330,238310,238310,238310
238210,238210,238210,238210,238210
238220,238220,238220,238220,238220
238290,238290,238290,238290,238290
238320,238320,238320,238320,238320
238330,238330,238330,238330,238330
238340,238340,238340,238340,238340
238350,238350,238350,238350,238350
238390,238390,238390,238390,238390
238910,238910,238910,238910,238910
238990,238990,238990,238990,238990
311111,311111,311111,311111,311111
311119,311119,311119,311119,311119
311211,311211,311211,311211,311211
311212,311212,311212,311212,311212
311213,311213,311213,311213,311213
311221,311221,311221,311221,311221
311222,311222,311224,311224,311224
311223,311223,311224,311224,311224
311225,311225,311225,311225,311225
311230,311230,311230,311230,311230
311311,311311,311314,311314,311314
311312,311312,311314,311314,311314
311313,311313,311313,311313,311313
311320,311320,311351,311351,311351
311330,311330,311352,311352,311352
311340,311340,311340,311340,311340
311411,311411,311411,311411,311411
311412,311412,311412,311412,311412
311421,311421,311421,311421,311421
311422,311422,311422,311422,311422
311423,311423,311423,311423,311423
311511,311511,311511,311511,311511
311512,311512,311512,311512,311512
311513,311513,311513,311513,311513
311514,311514,311514,311514,311514
311520,311520,311520,311520,311520
311611,311611,311611,311611,311611
311612,311612,311612,311612,311612
311613,311613,311613,311613,311613
311615,311615,311615,311615,311615
311711,311711,311710,311710,311710
311712,311712,311710,311710,311710
311811,311811,311811,311811,311811
311812,311812,311812,311812,311812
311813,311813,311813,311813,311813
311821,311821,311821,311821,311821
311822,311822,311824,311824,311824
311823,311823,311824,311824,311824
311830,311830,311830,311830,311830
311911,311911,311911,311911,311911
311919,311919,311919,311919,311919
311920,311920,311920,311920,311920
311930,311930,311930,311930,311930
311941,311941,311941,311941,311941
311942,311942,311942,311942,311942
311991,311991,311991,311991,311991
311999,311999,311999,311999,311999
312111,312111,312111,312111,312111
312112,312112,312112,312112,312112
312113,312113,312113,312113,312113
312120,312120,312120,312120,312120
312130,312130,312130,312130,312130
312140,312140,312140,312140,312140
312210,312210,312230,312230,312230
312221,312221,312230,312230,312230
312229,312229,312230,312230,312230
313111,313111,313110,313110,313110
313112,313112,313110,313110,313110
313113,313113,313110,313110,313110
313210,313210,313210,313210,313210
313221,313221,313220,313220,313220
313222,313222,313220,313220,313220
313230,313230,313230,313230,313230
313241,313241,313240,313240,313240
313249,313249,313240,313240,313240
313311,313311,313310,313310,313310
313312,313312,313310,313310,313310
313320,313320,313320,313320,313320
314110,314110,314110,314110,314110
314121,314121,314120,314120,314120
314129,314129,314120,314120,314120
314911,314911,314910,314910,314910
314912,314912,314910,314910,314910
314991,314991,314994,314994,314994
314992,314992,314994,314994,314994
314999,314999,314999,314999,314999
315211,314999,314999,314999,314999
315212,314999,314999,314999,314999
315111,315111,315110,315110,315120
315119,315119,315110,315110,315120
315191,315191,315190,315190,315120
315192,315192,315190,315190,315120
315211,315211,315210,315210,315210
315212,315212,315210,315210,315210
315221,315221,315220,315220,315250
315222,315222,315220,315220,315250
315223,315223,315220,315220,315250
315224,315224,315220,315220,315250
315225,315225,315220,315220,315250
315228,315228,315220,315220,315250
315231,315231,315240,315240,315250
315232,315232,315240,315240,315250
315233,315233,315240,315240,315250
315234,315234,315240,315240,315250
315239,315239,315240,315240,315250
315291,315291,315240,315240,315250
315292,315292,315280,315280,315250
315299,315299,315280,315280,315250
315991,315991,315990,315990,315990
315992,315992,315990,315990,315990
315993,315993,315990,315990,315990
315999,315999,315990,315990,315990
316110,316110,316110,316110,316110
316211,316211,316210,316210,316210
316212,316212,316210,316210,316210
316213,316213,316210,316210,316210
316214,316214,316210,316210,316210
316219,316219,316210,316210,316210
316991,316991,316998,316998,316990
316993,316993,316998,316998,316990
316999,316999,316998,316998,316990
316992,316992,316992,316992,316990
321113,321113,321113,321113,321113
321114,321114,321114,321114,321114
321211,321211,321211,321211,321211
321212,321212,321212,321212,321212
321213,321213,321213,321213,321215
321214,321214,321214,321214,321215
321219,321219,321219,321219,321219
321911,321911,321911,321911,321911
321912,321912,321912,321912,321912
321918,321918,321918,321918,321918
321920,321920,321920,321920,321920
321991,321991,321991,321991,321991
321992,321992,321992,321992,321992
321999,321999,321999,321999,321999
337129,337129,321999,321999,321999
322110,322110,322110,322110,322110
322121,322121,322121,322121,322120
322122,322122,322122,322122,322120
322130,322130,322130,322130,322130
322211,322211,322211,322211,322211
322212,322212,322212,322212,322212
322213,322213,322219,322219,322219
322214,322214,322219,322219,322219
322215,322215,322219,322219,322219
322221,322221,322220,322220,322220
322222,322222,322220,322220,322220
322223,322223,322220,322220,322220
322224,322224,322220,322220,322220
322225,322225,322220,322220,322220
322226,322226,322220,322220,322220
322231,322231,322230,322230,322230
322232,322232,322230,322230,322230
322233,322233,322230,322230,322230
322291,322291,322291,322291,322291
322299,322299,322299,322299,322299
323110,323110,323111,323111,323111
323111,323111,323111,323111,323111
323112,323112,323111,323111,323111
323114,323114,323111,323111,323111
323115,323115,323111,323111,323111
323116,323116,323111,323111,323111
323118,323118,323111,323111,323111
323119,323119,323111,323111,323111
323113,323113,323113,323113,323113
323117,323117,323117,323117,323117
323121,323121,323120,323120,323120
323122,323122,323120,323120,323120
324110,324110,324110,324110,324110
324121,324121,324121,324121,324121
324122,324122,324122,324122,324122
324191,324191,324191,324191,324191
324199,324199,324199,324199,324199
325110,325110,325110,325110,325110
325120,325120,325120,325120,325120
325131,325131,325130,325130,325130
325132,325132,325130,325130,325130
325181,325181,325180,325180,325180
325182,325182,325180,325180,325180
325188,325188,325180,325180,325180
325191,325191,325194,325194,325194
325192,325192,325194,325194,325194
325193,325193,325193,325193,325193
325199,325199,325199,325199,325199
325211,325211,325211,325211,325211
325212,325212,325212,325212,325212
325221,325221,325220,325220,325220
325222,325222,325220,325220,325220
325311,325311,325311,325311,325311
325312,325312,325312,325312,325312
325314,325314,325314,325314,325314
325314,325314,325314,325314,325315
325320,325320,325320,325320,325320
325411,325411,325411,325411,325411
325412,325412,325412,325412,325412
325413,325413,325413,325413,325413
325414,325414,325414,325414,325414
325510,325510,325510,325510,325510
325520,325520,325520,325520,325520
325611,325611,325611,325611,325611
325612,325612,325612,325612,325612
325613,325613,325613,325613,325613
325620,325620,325620,325620,325620
325910,325910,325910,325910,325910
325920,325920,325920,325920,325920
325991,325991,325991,325991,325991
325992,325992,325992,325992,325992
325998,325998,325998,325998,325998
326111,326111,326111,326111,326111
326112,326112,326112,326112,326112
326113,326113,326113,326113,326113
326121,326121,326121,326121,326121
326122,326122,326122,326122,326122
326130,326130,326130,326130,326130
326140,326140,326140,326140,326140
326150,326150,326150,326150,326150
326160,326160,326160,326160,326160
326191,326191,326191,326191,326191
326192,326192,326199,326199,326199
326199,326199,326199,326199,326199
326199,336612,336612,336612,336612
326299,336612,336612,336612,336612
336612,336612,336612,336612,336612
326211,326211,326211,326211,326211
326212,326212,326212,326212,326212
326220,326220,326220,326220,326220
326291,326291,326291,326291,326291
326291,326299,326299,326299,326299
326299,326299,326299,326299,326299
327111,327111,327110,327110,327110
327112,327112,327110,327110,327110
327113,327113,327110,327110,327110
327121,327121,327120,327120,327120
327122,327122,327120,327120,327120
327123,327123,327120,327120,327120
327124,327124,327120,327120,327120
327125,327125,327120,327120,327120
327211,327211,327211,327211,327211
327212,327212,327212,327212,327212
327213,327213,327213,327213,327213
327215,327215,327215,327215,327215
327310,327310,327310,327310,327310
327320,327320,327320,327320,327320
327331,327331,327331,327331,327331
327332,327332,327332,327332,327332
327390,327390,327390,327390,327390
327410,327410,327410,327410,327410
327420,327420,327420,327420,327420
327910,327910,327910,327910,327910
327991,327991,327991,327991,327991
327992,327992,327992,327992,327992
327993,327993,327993,327993,327993
327999,327999,327999,327999,327999
331111,331111,331110,331110,331110
331112,331112,331110,331110,331110
331210,331210,331210,331210,331210
331221,331221,331221,331221,331221
331222,331222,331222,331222,331222
331311,331311,331313,331313,331313
331312,331312,331313,331313,331313
331314,331314,331314,331314,331314
331315,331315,331315,331315,331315
331316,331316,331318,331318,331318
331319,331319,331318,331318,331318
331411,331411,331410,331410,331410
331419,331419,331410,331410,331410
331421,331421,331420,331420,331420
331422,331422,331420,331420,331420
331423,331423,331420,331420,331420
331491,331491,331491,331491,331491
331492,331492,331492,331492,331492
331511,331511,331511,331511,331511
331512,331512,331512,331512,331512
331513,331513,331513,331513,331513
331521,331521,331523,331523,331523
331522,331522,331523,331523,331523
331524,331524,331524,331524,331524
331525,331525,331529,331529,331529
331528,331528,331529,331529,331529
332111,332111,332111,332111,332111
332112,332112,332112,332112,332112
332114,332114,332114,332114,332114
332115,332115,332119,332119,332119
332116,332116,332119,332119,332119
332117,332117,332117,332117,332117
332211,332211,332215,332215,332215
332214,332214,332215,332215,332215
332212,332212,332216,332216,332216
332213,332213,332216,332216,332216
332311,332311,332311,332311,332311
332312,332312,332312,332312,332312
332313,332313,332313,332313,332313
332321,332321,332321,332321,332321
332322,332322,332322,332322,332322
332323,332323,332323,332323,332323
332410,332410,332410,332410,332410
332420,332420,332420,332420,332420
332431,332431,332431,332431,332431
332439,332439,332439,332439,332439
332510,332510,332510,332510,332510
332611,332611,332613,332613,332613
332612,332612,332613,332613,332613
332618,332618,332618,332618,332618
332710,332710,332710,332710,332710
332721,332721,332721,332721,332721
332722,332722,332722,332722,332722
332811,332811,332811,332811,332811
332812,332812,332812,332812,332812
332813,332813,332813,332813,332813
332911,332911,332911,332911,332911
332912,332912,332912,332912,332912
332913,332913,332913,332913,332913
332919,332919,332919,332919,332919
332991,332991,332991,332991,332991
332992,332992,332992,332992,332992
332993,332993,332993,332993,332993
332994,332994,332994,332994,332994
332995,332995,332994,332994,332994
332996,332996,332996,332996,332996
332997,332997,332999,332999,332999
332998,332998,332999,332999,332999
332999,332999,332999,332999,332999
333111,333111,333111,333111,333111
333112,333112,333112,333112,333112
333120,333120,333120,333120,333120
333131,333131,333131,333131,333131
333132,333132,333132,333132,333132
333210,333210,333243,333243,333243
333291,333291,333243,333243,333243
333220,333220,333249,333249,333248
333292,333292,333249,333249,333248
333298,333298,333249,333249,333248
339111,333298,333249,333249,333248
333293,333293,333244,333244,333248
333294,333294,333241,333241,333241
333295,333295,333242,333242,333242
333311,333311,333318,333318,333310
333312,333312,333318,333318,333310
333313,333313,333318,333318,333310
333319,333319,333318,333318,333310
333314,333314,333314,333314,333310
333315,333315,333316,333316,333310
334119,334119,333316,333316,333310
333411,333411,333413,333413,333413
333412,333412,333413,333413,333413
333414,333414,333414,333414,333414
333415,333415,333415,333415,333415
339111,333415,333415,333415,333415
333511,333511,333511,333511,333511
333512,333512,333517,333517,333517
333513,333513,333517,333517,333517
333514,333514,333514,333514,333514
333515,333515,333515,333515,333515
333516,333516,333519,333519,333519
333518,333518,333519,333519,333519
333611,333611,333611,333611,333611
333612,333612,333612,333612,333612
333613,333613,333613,333613,333613
333618,333618,333618,333618,333618
333911,333911,333911,333914,333914
333913,333913,333913,333914,333914
333912,333912,333912,333912,333912
333921,333921,333921,333921,333921
333922,333922,333922,333922,333922
333923,333923,333923,333923,333923
333924,333924,333924,333924,333924
333991,333991,333991,333991,333991
333992,333992,333992,333992,333992
333993,333993,333993,333993,333993
333994,333994,333994,333994,333994
339111,333994,333994,333994,333994
333995,333995,333995,333995,333995
333996,333996,333996,333996,333996
333997,333997,333997,333997,333998
339111,333997,333997,333997,333998
333999,333999,333999,333999,333998
339111,333999,333999,333999,333998
334111,334111,334111,334111,334111
334112,334112,334112,334112,334112
334113,334113,334118,334118,334118
334119,334119,334118,334118,334118
334210,334210,334210,334210,334210
334220,334220,334220,334220,334220
334220,334515,334515,334515,334515
334515,334515,334515,334515,334515
334290,334290,334290,334290,334290
334310,334310,334310,334310,334310
334411,334411,334419,334419,334419
334419,334419,334419,334419,334419
334412,334412,334412,334412,334412
334413,334413,334413,334413,334413
334414,334414,334416,334416,334416
334415,334415,334416,334416,334416
334416,334416,334416,334416,334416
334417,334417,334417,334417,334417
334418,334418,334418,334418,334418
334510,334510,334510,334510,334510
334511,334511,334511,334511,334511
334512,334512,334512,334512,334512
334513,334513,334513,334513,334513
334514,334514,334514,334514,334514
334516,334516,334516,334516,334516
334517,334517,334517,334517,334517
334518,334518,334519,334519,334519
334519,334519,334519,334519,334519
334611,334611,334614,334614,334610
334612,334612,334614,334614,334610
334613,334613,334613,334613,334610
335110,335110,335110,335110,335139
335121,335121,335121,335121,335131
335122,335122,335122,335122,335132
335129,335129,335129,335129,335139
335211,335211,335210,335210,335210
335212,335212,335210,335210,335210
335221,335221,335221,335220,335220
335222,335222,335222,335220,335220
335224,335224,335224,335220,335220
335228,335228,335228,335220,335220
335311,335311,335311,335311,335311
335312,335312,335312,335312,335312
335313,335313,335313,335313,335313
335314,335314,335314,335314,335314
335911,335911,335911,335911,335910
335912,335912,335912,335912,335910
335921,335921,335921,335921,335921
335929,335929,335929,335929,335929
335931,335931,335931,335931,335931
335932,335932,335932,335932,335932
335991,335991,335991,335991,335991
335999,335999,335999,335999,335999
336111,336111,336111,336111,336110
336112,336112,336112,336112,336110
336120,336120,336120,336120,336120
336211,336211,336211,336211,336211
336212,336212,336212,336212,336212
336213,336213,336213,336213,336213
336214,336214,336214,336214,336214
336311,336311,336310,336310,336310
336312,336312,336310,336310,336310
336321,336321,336320,336320,336320
336322,336322,336320,336320,336320
336330,336330,336330,336330,336330
336340,336340,336340,336340,336340
336350,336350,336350,336350,336350
336360,336360,336360,336360,336360
336370,336370,336370,336370,336370
336391,336391,336390,336390,336390
336399,336399,336390,336390,336390
336411,336411,336411,336411,336411
336412,336412,336412,336412,336412
336413,336413,336413,336413,336413
336414,336414,336414,336414,336414
336415,336415,336415,336415,336415
336419,336419,336419,336419,336419
336510,336510,336510,336510,336510
336611,336611,336611,336611,336611
336991,336991,336991,336991,336991
336992,336992,336992,336992,336992
336999,336999,336999,336999,336999
337110,337110,337110,337110,337110
337121,337121,337121,337121,337121
337122,337122,337122,337122,337122
337124,337124,337124,337124,337126
337125,337125,337125,337125,337126
337127,337127,337127,337127,337127
339111,337127,337127,337127,337127
337211,337211,337211,337211,337211
337212,337212,337212,337212,337212
337214,337214,337214,337214,337214
337215,337215,337215,337215,337215
337910,337910,337910,337910,337910
337920,337920,337920,337920,337920
339111,339113,339113,339113,339113
339113,339113,339113,339113,339113
339112,339112,339112,339112,339112
339114,339114,339114,339114,339114
339115,339115,339115,339115,339115
339116,339116,339116,339116,339116
339911,339911,339910,339910,339910
339912,339912,339910,339910,339910
339913,339913,339910,339910,339910
339914,339914,339910,339910,339910
339920,339920,339920,339920,339920
339931,339931,339930,339930,339930
339932,339932,339930,339930,339930
339941,339941,339940,339940,339940
339942,339942,339940,339940,339940
339943,339943,339940,339940,339940
339944,339944,339940,339940,339940
339950,339950,339950,339950,339950
339991,339991,339991,339991,339991
339992,339992,339992,339992,339992
339993,339993,339993,339993,339993
339994,339994,339994,339994,339994
339995,339995,339995,339995,339995
339999,339999,339999,339999,339999
423110,423110,423110,423110,423110
423120,423120,423120,423120,423120
423130,423130,423130,423130,423130
423140,423140,423140,423140,423140
423210,423210,423210,423210,423210
423220,423220,423220,423220,423220
423310,423310,423310,423310,423310
423320,423320,423320,423320,423320
423330,423330,423330,423330,423330
423390,423390,423390,423390,423390
423410,423410,423410,423410,423410
423420,423420,423420,423420,423420
423430,423430,423430,423430,423430
423440,423440,423440,423440,423440
423450,423450,423450,423450,423450
423460,423460,423460,423460,423460
423490,423490,423490,423490,423490
423510,423510,423510,423510,423510
423520,423520,423520,423520,423520
423610,423610,423610,423610,423610
423620,423620,423620,423620,423620
423720,423720,423620,423620,423620
423620,423620,423720,423720,423720
423720,423720,423720,423720,423720
423690,423690,423690,423690,423690
423710,423710,423710,423710,423710
423730,423730,423730,423730,423730
423740,423740,423740,423740,423740
423810,423810,423810,423810,423810
423820,423820,423820,423820,423820
423830,423830,423830,423830,423830
423840,423840,423840,423840,423840
423850,423850,423850,423850,423850
423860,423860,423860,423860,423860
423910,423910,423910,423910,423910
423920,423920,423920,423920,423920
423930,423930,423930,423930,423930
423940,423940,423940,423940,423940
423990,423990,423990,423990,423990
424110,424110,424110,424110,424110
424120,424120,424120,424120,424120
424130,424130,424130,424130,424130
424210,424210,424210,424210,424210
424310,424310,424310,424310,424310
424320,424320,424320,424320,424350
424330,424330,424330,424330,424350
424340,424340,424340,424340,424340
424410,424410,424410,424410,424410
424420,424420,424420,424420,424420
424430,424430,424430,424430,424430
424440,424440,424440,424440,424440
424450,424450,424450,424450,424450
424460,424460,424460,424460,424460
424470,424470,424470,424470,424470
424480,424480,424480,424480,424480
424490,424490,424490,424490,424490
424510,424510,424510,424510,424510
424520,424520,424520,424520,424520
424590,424590,424590,424590,424590
424610,424610,424610,424610,424610
424690,424690,424690,424690,424690
424710,424710,424710,424710,424710
424720,424720,424720,424720,424720
424810,424810,424810,424810,424810
424820,424820,424820,424820,424820
424910,424910,424910,424910,424910
424920,424920,424920,424920,424920
424930,424930,424930,424930,424930
424940,424940,424940,424940,424940
424950,424950,424950,424950,424950
424990,424990,424990,424990,424990
425110,425110,425110,425110,425120
425120,425120,425120,425120,425120
441110,441110,441110,441110,441110
441120,441120,441120,441120,441120
441210,441210,441210,441210,441210
441221,441221,441228,441228,441227
441229,441229,441228,441228,441227
441222,441222,441222,441222,441222
441310,441310,441310,441310,441330
441320,441320,441320,441320,441340
442110,442110,442110,442110,449110
442210,442210,442210,442210,449121
442291,442291,442291,442291,449122
442299,442299,442299,442299,449129
443111,443111,443141,443141,449210
443112,443112,443142,443142,449210
443120,443120,443142,443142,449210
443130,443130,443142,443142,449210
451220,451220,443142,443142,449210
444110,444110,444110,444110,444110
444120,444120,444120,444120,444120
444130,444130,444130,444130,444140
444190,444190,444190,444190,444180
444210,444210,444210,444210,444230
444220,444220,444220,444220,444240
445110,445110,445110,445110,445110
445120,445120,445120,445120,445131
445210,445210,445210,445210,445240
445220,445220,445220,445220,445250
445230,445230,445230,445230,445230
445291,445291,445291,445291,445291
445292,445292,445292,445292,445292
445299,445299,445299,445299,445298
445310,445310,445310,445310,445320
446110,446110,446110,446110,456110
446120,446120,446120,446120,456120
446130,446130,446130,446130,456130
446191,446191,446191,446191,456191
446199,446199,446199,446199,456199
447110,447110,447110,447110,457110
447190,447190,447190,447190,457120
448110,448110,448110,448110,458110
448120,448120,448120,448120,458110
448130,448130,448130,448130,458110
448140,448140,448140,448140,458110
448150,448150,448150,448150,458110
448190,448190,448190,448190,458110
448210,448210,448210,448210,458210
448310,448310,448310,448310,458310
448320,448320,448320,448320,458320
451110,451110,451110,451110,459110
451120,451120,451120,451120,459120
451130,451130,451130,451130,459130
451140,451140,451140,451140,459140
451211,451211,451211,451211,459210
451212,451212,451212,451212,459210
452111,452111,452111,452210,455110
452112,452112,452112,452210,455110
452112,452112,452112,452311,455211
452910,452910,452910,452311,455211
452990,452990,452990,452319,455219
453110,453110,453110,453110,459310
453210,453210,453210,453210,459410
453220,453220,453220,453220,459420
453310,453310,453310,453310,459510
453910,453910,453910,453910,459910
453920,453920,453920,453920,459920
453930,453930,453930,453930,459930
453991,453991,453991,453991,459991
453998,453998,453998,453998,455219
453998,453998,453998,453998,459991
453998,453998,453998,453998,459999
454111,454111,454111,454110,441227
454111,454111,454111,454110,441330
454111,454111,454111,454110,441340
454111,454111,454111,454110,444140
454111,454111,454111,454110,444180
454111,454111,454111,454110,444230
454111,454111,454111,454110,444240
454111,454111,454111,454110,445131
454111,454111,454111,454110,445240
454111,454111,454111,454110,445250
454111,454111,454111,454110,445298
454111,454111,454111,454110,445320
454111,454111,454111,454110,449110
454111,454111,454111,454110,449121
454111,454111,454111,454110,449122
454111,454111,454111,454110,449129
454111,454111,454111,454110,449210
454111,454111,454111,454110,455110
454111,454111,454111,454110,455211
454111,454111,454111,454110,455219
454111,454111,454111,454110,456110
454111,454111,454111,454110,456120
454111,454111,454111,454110,456130
454111,454111,454111,454110,456191
454111,454111,454111,454110,456199
454111,454111,454111,454110,458110
454111,454111,454111,454110,458210
454111,454111,454111,454110,458310
454111,454111,454111,454110,458320
454111,454111,454111,454110,459110
454111,454111,454111,454110,459120
454111,454111,454111,454110,459130
454111,454111,454111,454110,459140
454111,454111,454111,454110,459210
454111,454111,454111,454110,459310
454111,454111,454111,454110,459410
454111,454111,454111,454110,459420
454111,454111,454111,454110,459510
454111,454111,454111,454110,459910
454111,454111,454111,454110,459920
454111,454111,454111,454110,459991
454111,454111,454111,454110,459999
454112,454112,454112,454110,441227
454112,454112,454112,454110,441330
454112,454112,454112,454110,441340
454112,454112,454112,454110,444140
454112,454112,454112,454110,444180
454112,454112,454112,454110,444230
454112,454112,454112,454110,444240
454112,454112,454112,454110,445131
454112,454112,454112,454110,445240
454112,454112,454112,454110,445250
454112,454112,454112,454110,445298
454112,454112,454112,454110,445320
454112,454112,454112,454110,449110
454112,454112,454112,454110,449121
454112,454112,454112,454110,449122
454112,454112,454112,454110,449129
454112,454112,454112,454110,449210
454112,454112,454112,454110,455110
454112,454112,454112,454110,455211
454112,454112,454112,454110,455219
454112,454112,454112,454110,456110
454112,454112,454112,454110,456120
454112,454112,454112,454110,456130
454112,454112,454112,454110,456191
454112,454112,454112,454110,456199
454112,454112,454112,454110,458110
454112,454112,454112,454110,458210
454112,454112,454112,454110,458310
454112,454112,454112,454110,458320
454112,454112,454112,454110,459110
454112,454112,454112,454110,459120
454112,454112,454112,454110,459130
454112,454112,454112,454110,459140
454112,454112,454112,454110,459210
454112,454112,454112,454110,459310
454112,454112,454112,454110,459410
454112,454112,454112,454110,459420
454112,454112,454112,454110,459510
454112,454112,454112,454110,459910
454112,454112,454112,454110,459920
454112,454112,454112,454110,459991
454112,454112,454112,454110,459999
454113,454113,454113,454110,441227
454113,454113,454113,454110,441330
454113,454113,454113,454110,441340
454113,454113,454113,454110,444140
454113,454113,454113,454110,444180
454113,454113,454113,454110,444230
454113,454113,454113,454110,444240
454113,454113,454113,454110,445131
454113,454113,454113,454110,445240
454113,454113,454113,454110,445250
454113,454113,454113,454110,445298
454113,454113,454113,454110,445320
454113,454113,454113,454110,449110
454113,454113,454113,454110,449121
454113,454113,454113,454110,449122
454113,454113,454113,454110,449129
454113,454113,454113,454110,449210
454113,454113,454113,454110,455110
454113,454113,454113,454110,455211
454113,454113,454113,454110,455219
454113,454113,454113,454110,456110
454113,454113,454113,454110,456120
454113,454113,454113,454110,456130
454113,454113,454113,454110,456191
454113,454113,454113,454110,456199
454113,454113,454113,454110,458110
454113,454113,454113,454110,458210
454113,454113,454113,454110,458310
454113,454113,454113,454110,458320
454113,454113,454113,454110,459110
454113,454113,454113,454110,459120
454113,454113,454113,454110,459130
454113,454113,454113,454110,459140
454113,454113,454113,454110,459210
454113,454113,454113,454110,459310
454113,454113,454113,454110,459410
454113,454113,454113,454110,459420
454113,454113,454113,454110,459510
454113,454113,454113,454110,459910
454113,454113,454113,454110,459920
454113,454113,454113,454110,459991
454113,454113,454113,454110,459999
454210,454210,454210,454210,445132
454311,454311,454310,454310,457210
454312,454312,454310,454310,457210
454319,454319,454310,454310,457210
454390,454390,454390,454390,441330
454390,454390,454390,454390,441340
454390,454390,454390,454390,444140
454390,454390,454390,454390,444180
454390,454390,454390,454390,444230
454390,454390,454390,454390,444240
454390,454390,454390,454390,445131
454390,454390,454390,454390,445240
454390,454390,454390,454390,445250
454390,454390,454390,454390,445298
454390,454390,454390,454390,445320
454390,454390,454390,454390,449110
454390,454390,454390,454390,449121
454390,454390,454390,454390,449122
454390,454390,454390,454390,449129
454390,454390,454390,454390,449210
454390,454390,454390,454390,455219
454390,454390,454390,454390,456110
454390,454390,454390,454390,456120
454390,454390,454390,454390,456130
454390,454390,454390,454390,456191
454390,454390,454390,454390,456199
454390,454390,454390,454390,458110
454390,454390,454390,454390,458210
454390,454390,454390,454390,458310
454390,454390,454390,454390,458320
454390,454390,454390,454390,459110
454390,454390,454390,454390,459120
454390,454390,454390,454390,459130
454390,454390,454390,454390,459140
454390,454390,454390,454390,459210
454390,454390,454390,454390,459310
454390,454390,454390,454390,459410
454390,454390,454390,454390,459420
454390,454390,454390,454390,459510
454390,454390,454390,454390,459910
454390,454390,454390,454390,459920
454390,454390,454390,454390,459991
454390,454390,454390,454390,459999
481111,481111,481111,481111,481111
481112,481112,481112,481112,481112
481211,481211,481211,481211,481211
481212,481212,481212,481212,481212
481219,481219,481219,481219,481219
482111,482111,482111,482111,482111
482112,482112,482112,482112,482112
483111,483111,483111,483111,483111
483112,483112,483112,483112,483112
483113,483113,483113,483113,483113
483114,483114,483114,483114,483114
483211,483211,483211,483211,483211
483212,483212,483212,483212,483212
484110,484110,484110,484110,484110
484121,484121,484121,484121,484121
484122,484122,484122,484122,484122
484210,484210,484210,484210,484210
484220,484220,484220,484220,484220
484230,484230,484230,484230,484230
485111,485111,485111,485111,485111
485112,485112,485112,485112,485112
485113,485113,485113,485113,485113
485119,485119,485119,485119,485119
485210,485210,485210,485210,485210
485310,485310,485310,485310,485310
485320,485320,485320,485320,485320
485410,485410,485410,485410,485410
485510,485510,485510,485510,485510
485991,485991,485991,485991,485991
485999,485999,485999,485999,485999
486110,486110,486110,486110,486110
486210,486210,486210,486210,486210
486910,486910,486910,486910,486910
486990,486990,486990,486990,486990
487110,487110,487110,487110,487110
487210,487210,487210,487210,487210
487990,487990,487990,487990,487990
488111,488111,488111,488111,488111
488119,488119,488119,488119,488119
488190,488190,488190,488190,488190
488210,488210,488210,488210,488210
488310,488310,488310,488310,488310
488320,488320,488320,488320,488320
488330,488330,488330,488330,488330
488390,488390,488390,488390,488390
488410,488410,488410,488410,488410
488490,488490,488490,488490,488490
488510,488510,488510,488510,488510
488991,488991,488991,488991,488991
488999,488999,488999,488999,488999
491110,491110,491110,491110,491110
492110,492110,492110,492110,492110
492210,492210,492210,492210,492210
493110,493110,493110,493110,493110
493120,493120,493120,493120,493120
493130,493130,493130,493130,493130
493190,493190,493190,493190,493190
511110,511110,511110,511110,513110
511120,511120,511120,511120,513120
511130,511130,511130,511130,513130
511140,511140,511140,511140,513140
511191,511191,511191,511191,513191
511199,511199,511199,511199,513199
511210,511210,511210,511210,513210
512110,512110,512110,512110,512110
512120,512120,512120,512120,512120
512131,512131,512131,512131,512131
512132,512132,512132,512132,512132
512191,512191,512191,512191,512191
512199,512199,512199,512199,512199
512210,512210,512210,512250,512250
512220,512220,512220,512250,512250
512230,512230,512230,512230,512230
512240,512240,512240,512240,512240
512290,512290,512290,512290,512290
515111,515111,515111,515111,516210
515112,515112,515112,515112,516110
515120,515120,515120,515120,516120
515120,515120,515120,515120,516210
515210,515210,515210,515210,516210
516110,519130,519130,519130,513110
516110,519130,519130,519130,513120
516110,519130,519130,519130,513130
516110,519130,519130,519130,513140
516110,519130,519130,519130,513191
516110,519130,519130,519130,513199
516110,519130,519130,519130,516210
516110,519130,519130,519130,519290
518112,519130,519130,519130,513110
518112,519130,519130,519130,513120
518112,519130,519130,519130,513130
518112,519130,519130,519130,513140
518112,519130,519130,519130,513191
518112,519130,519130,519130,513199
518112,519130,519130,519130,516210
518112,519130,519130,519130,519290
517110,517110,517110,517311,517111
517510,517110,517110,517311,517111
518111,517110,517110,517311,517111
517211,517210,517210,517312,517112
517211,517210,517210,517312,517122
517212,517210,517210,517312,517112
517212,517210,517210,517312,517122
517310,517911,517911,517911,517121
517310,517911,517911,517911,517122
517410,517410,517410,517410,517410
517910,517919,517919,517919,517810
518111,517919,517919,517919,517810
518210,518210,518210,518210,518210
519110,519110,519110,519110,516210
519120,519120,519120,519120,519210
519190,519190,519190,519190,519290
521110,521110,521110,521110,521110
522110,522110,522110,522110,522110
522120,522120,522120,522120,522180
522130,522130,522130,522130,522130
522190,522190,522190,522190,522180
522210,522210,522210,522210,522210
522220,522220,522220,522220,522220
522291,522291,522291,522291,522291
522292,522292,522292,522292,522292
522293,522293,522293,522293,522299
522294,522294,522294,522294,522299
522298,522298,522298,522298,522299
522310,522310,522310,522310,522310
522320,522320,522320,522320,522320
522390,522390,522390,522390,522390
523110,523110,523110,523110,523150
523120,523120,523120,523120,523150
523130,523130,523130,523130,523160
523140,523140,523140,523140,523160
523210,523210,523210,523210,523210
523910,523910,523910,523910,523910
523920,523920,523920,523920,523940
523930,523930,523930,523930,523940
523991,523991,523991,523991,523991
523999,523999,523999,523999,523999
524113,524113,524113,524113,524113
524114,524114,524114,524114,524114
524126,524126,524126,524126,524126
524127,524127,524127,524127,524127
524128,524128,524128,524128,524128
524130,524130,524130,524130,524130
524210,524210,524210,524210,524210
524291,524291,524291,524291,524291
524292,524292,524292,524292,524292
524298,524298,524298,524298,524298
525110,525110,525110,525110,525110
525120,525120,525120,525120,525120
525190,525190,525190,525190,525190
525910,525910,525910,525910,525910
525920,525920,525920,525920,525920
525930,525990,525990,525990,525990
525990,525990,525990,525990,525990
525930,531110,531110,531110,531110
531110,531110,531110,531110,531110
525930,531120,531120,531120,531120
531120,531120,531120,531120,531120
525930,531130,531130,531130,531130
531130,531130,531130,531130,531130
525930,531190,531190,531190,531190
531190,531190,531190,531190,531190
531210,531210,531210,531210,531210
531311,531311,531311,531311,531311
531312,531312,531312,531312,531312
531320,531320,531320,531320,531320
531390,531390,531390,531390,531390
532111,532111,532111,532111,532111
532112,532112,532112,532112,532112
532120,532120,532120,532120,532120
532210,532210,532210,532210,532210
532220,532220,532220,532281,532281
532230,532230,532230,532282,532282
532291,532291,532291,532283,532283
532292,532292,532292,532284,532284
532299,532299,532299,532289,532289
532310,532310,532310,532310,532310
532411,532411,532411,532411,532411
532412,532412,532412,532412,532412
532420,532420,532420,532420,532420
532490,532490,532490,532490,532490
533110,533110,533110,533110,533110
541110,541110,541110,541110,541110
541120,541120,541120,541120,541120
541191,541191,541191,541191,541191
541199,541199,541199,541199,541199
541211,541211,541211,541211,541211
541213,541213,541213,541213,541213
541214,541214,541214,541214,541214
541219,541219,541219,541219,541219
541310,541310,541310,541310,541310
541320,541320,541320,541320,541320
541330,541330,541330,541330,541330
541340,541340,541340,541340,541340
541350,541350,541350,541350,541350
541360,541360,541360,541360,541360
541370,541370,541370,541370,541370
541380,541380,541380,541380,541380
541410,541410,541410,541410,541410
541420,541420,541420,541420,541420
541430,541430,541430,541430,541430
541490,541490,541490,541490,541490
541511,541511,541511,541511,541511
541512,541512,541512,541512,541512
541513,541513,541513,541513,541513
541519,541519,541519,541519,541519
541611,541611,541611,541611,541611
541612,541612,541612,541612,541612
541612,561312,561312,561312,561312
541613,541613,541613,541613,541613
541614,541614,541614,541614,541614
541618,541618,541618,541618,541618
541620,541620,541620,541620,541620
541690,541690,541690,541690,541690
541710,541711,541711,541713,541713
541710,541712,541712,541713,541713
541710,541711,541711,541714,541714
541710,541712,541712,541715,541715
541720,541720,541720,541720,541720
541810,541810,541810,541810,541810
541820,541820,541820,541820,541820
541830,541830,541830,541830,541830
541840,541840,541840,541840,541840
541850,541850,541850,541850,541850
541860,541860,541860,541860,541860
541870,541870,541870,541870,541870
541890,541890,541890,541890,541890
541910,541910,541910,541910,541910
541921,541921,541921,541921,541921
541922,541922,541922,541922,541922
541930,541930,541930,541930,541930
541940,541940,541940,541940,541940
541990,541990,541990,541990,541990
551111,551111,551111,551111,551111
551112,551112,551112,551112,551112
551114,551114,551114,551114,551114
561110,561110,561110,561110,561110
561210,561210,561210,561210,561210
561310,561311,561311,561311,561311
561320,561320,561320,561320,561320
561330,561330,561330,561330,561330
561410,561410,561410,561410,561410
561421,561421,561421,561421,561421
561422,561422,561422,561422,561422
561431,561431,561431,561431,561431
561439,561439,561439,561439,561439
561440,561440,561440,561440,561440
561450,561450,561450,561450,561450
561491,561491,561491,561491,561491
561492,561492,561492,561492,561492
561499,561499,561499,561499,561499
561510,561510,561510,561510,561510
561520,561520,561520,561520,561520
561591,561591,561591,561591,561591
561599,561599,561599,561599,561599
561611,561611,561611,561611,561611
561612,561612,561612,561612,561612
561613,561613,561613,561613,561613
561621,561621,561621,561621,561621
561622,561622,561622,561622,561622
561710,561710,561710,561710,561710
561720,561720,561720,561720,561720
561730,561730,561730,561730,561730
561740,561740,561740,561740,561740
561790,561790,561790,561790,561790
561910,561910,561910,561910,561910
561920,561920,561920,561920,561920
561990,561990,561990,561990,561990
562111,562111,562111,562111,562111
562112,562112,562112,562112,562112
562119,562119,562119,562119,562119
562211,562211,562211,562211,562211
562212,562212,562212,562212,562212
562213,562213,562213,562213,562213
562219,562219,562219,562219,562219
562910,562910,562910,562910,562910
562920,562920,562920,562920,562920
562991,562991,562991,562991,562991
562998,562998,562998,562998,562998
611110,611110,611110,611110,611110
611210,611210,611210,611210,611210
611310,611310,611310,611310,611310
611410,611410,611410,611410,611410
611420,611420,611420,611420,611420
611430,611430,611430,611430,611430
611511,611511,611511,611511,611511
611512,611512,611512,611512,611512
611513,611513,611513,611513,611513
611519,611519,611519,611519,611519
611610,611610,611610,611610,611610
611620,611620,611620,611620,611620
611630,611630,611630,611630,611630
611691,611691,611691,611691,611691
611692,611692,611692,611692,611692
611699,611699,611699,611699,611699
611710,611710,611710,611710,611710
621111,621111,621111,621111,621111
621112,621112,621112,621112,621112
621210,621210,621210,621210,621210
621310,621310,621310,621310,621310
621320,621320,621320,621320,621320
621330,621330,621330,621330,621330
621340,621340,621340,621340,621340
621391,621391,621391,621391,621391
621399,621399,621399,621399,621399
621410,621410,621410,621410,621410
621420,621420,621420,621420,621420
621491,621491,621491,621491,621491
621492,621492,621492,621492,621492
621493,621493,621493,621493,621493
621498,621498,621498,621498,621498
621511,621511,621511,621511,621511
621512,621512,621512,621512,621512
621610,621610,621610,621610,621610
621910,621910,621910,621910,621910
621991,621991,621991,621991,621991
621999,621999,621999,621999,621999
622110,622110,622110,622110,622110
622210,622210,622210,622210,622210
622310,622310,622310,622310,622310
623110,623110,623110,623110,623110
623210,623210,623210,623210,623210
623220,623220,623220,623220,623220
623311,623311,623311,623311,623311
623312,623312,623312,623312,623312
623990,623990,623990,623990,623990
624110,624110,624110,624110,624110
624120,624120,624120,624120,624120
624190,624190,624190,624190,624190
624210,624210,624210,624210,624210
624221,624221,624221,624221,624221
624229,624229,624229,624229,624229
624230,624230,624230,624230,624230
624310,624310,624310,624310,624310
624410,624410,624410,624410,624410
711110,711110,711110,711110,711110
711120,711120,711120,711120,711120
711130,711130,711130,711130,711130
711190,711190,711190,711190,711190
711211,711211,711211,711211,711211
711212,711212,711212,711212,711212
711219,711219,711219,711219,711219
711310,711310,711310,711310,711310
711320,711320,711320,711320,711320
711410,711410,711410,711410,711410
711510,711510,711510,711510,711510
712110,712110,712110,712110,712110
712120,712120,712120,712120,712120
712130,712130,712130,712130,712130
712190,712190,712190,712190,712190
713110,713110,713110,713110,713110
713120,713120,713120,713120,713120
713210,713210,713210,713210,713210
713290,713290,713290,713290,713290
713910,713910,713910,713910,713910
713920,713920,713920,713920,713920
713930,713930,713930,713930,713930
713940,713940,713940,713940,713940
713950,713950,713950,713950,713950
713990,713990,713990,713990,713990
721110,721110,721110,721110,721110
721120,721120,721120,721120,721120
721191,721191,721191,721191,721191
721199,721199,721199,721199,721199
721211,721211,721211,721211,721211
721214,721214,721214,721214,721214
721310,721310,721310,721310,721310
722110,722110,722511,722511,722511
722211,722211,722513,722513,722513
722212,722212,722514,722514,722514
722213,722213,722515,722515,722515
722310,722310,722310,722310,722310
722320,722320,722320,722320,722320
722330,722330,722330,722330,722330
722410,722410,722410,722410,722410
811111,811111,811111,811111,811111
811112,811112,811112,811112,811114
811113,811113,811113,811113,811114
811118,811118,811118,811118,811114
811121,811121,811121,811121,811121
811122,811122,811122,811122,811122
811191,811191,811191,811191,811191
811192,811192,811192,811192,811192
811198,811198,811198,811198,811198
811211,811211,811211,811211,811210
811212,811212,811212,811212,811210
811213,811213,811213,811213,811210
811219,811219,811219,811219,811210
811310,811310,811310,811310,811310
811411,811411,811411,811411,811411
811412,811412,811412,811412,811412
811420,811420,811420,811420,811420
811430,811430,811430,811430,811430
811490,811490,811490,811490,811490
812111,812111,812111,812111,812111
812112,812112,812112,812112,812112
812113,812113,812113,812113,812113
812191,812191,812191,812191,812191
812199,812199,812199,812199,812199
812210,812210,812210,812210,812210
812220,812220,812220,812220,812220
812310,812310,812310,812310,812310
812320,812320,812320,812320,812320
812331,812331,812331,812331,812331
812332,812332,812332,812332,812332
812910,812910,812910,812910,812910
812921,812921,812921,812921,812921
812922,812922,812922,812922,812922
812930,812930,812930,812930,812930
812990,812990,812990,812990,812990
813110,813110,813110,813110,813110
813211,813211,813211,813211,813211
813212,813212,813212,813212,813212
813219,813219,813219,813219,813219
813311,813311,813311,813311,813311
813312,813312,813312,813312,813312
813319,813319,813319,813319,813319
813410,813410,813410,813410,813410
813910,813910,813910,813910,813910
813920,813920,813920,813920,813920
813930,813930,813930,813930,813930
813940,813940,813940,813940,813940
813990,813990,813990,813990,813990
814110,814110,814110,814110,814110
921110,921110,921110,921110,921110
921120,921120,921120,921120,921120
921130,921130,921130,921130,921130
921140,921140,921140,921140,921140
921150,921150,921150,921150,921150
921190,921190,921190,921190,921190
922110,922110,922110,922110,922110
922120,922120,922120,922120,922120
922130,922130,922130,922130,922130
922140,922140,922140,922140,922140
922150,922150,922150,922150,922150
922160,922160,922160,922160,922160
922190,922190,922190,922190,922190
923110,923110,923110,923110,923110
923120,923120,923120,923120,923120
923130,923130,923130,923130,923130
923140,923140,923140,923140,923140
924110,924110,924110,924110,924110
924120,924120,924120,924120,924120
925110,925110,925110,925110,925110
925120,925120,925120,925120,925120
926110,926110,926110,926110,926110
926120,926120,926120,926120,926120
926130,926130,926130,926130,926130
926140,926140,926140,926140,926140
926150,926150,926150,926150,926150
927110,927110,927110,927110,927110
928110,928110,928110,928110,928110
928120,928120,928120,928120,928120
F01000,F01000,F01000,F01000,F01000
F04000,F04000,F04000,F04000,F04000
F05000,F05000,F05000,F05000,F05000
S00101,S00101,S00101,S00101,S00101
S00201,S00201,S00201,S00201,S00201
S00202,S00202,S00202,S00202,S00202
S00203,S00203,S00203,S00203,S00203
